date,daily_revenue,num_transactions,total_quantity,unique_customers,day_of_week,week_of_year,month,quarter,is_weekend,revenue_lag_1,transactions_lag_1,quantity_lag_1,revenue_lag_7,transactions_lag_7,quantity_lag_7,revenue_lag_14,transactions_lag_14,quantity_lag_14,revenue_lag_30,transactions_lag_30,quantity_lag_30,revenue_roll_mean_7,revenue_roll_std_7,revenue_roll_mean_14,revenue_roll_std_14,revenue_roll_mean_30,revenue_roll_std_30,revenue_diff_1,revenue_diff_7,revenue_pct_change_7
2023-02-02,1375,3,8,3,3,5,2,1,0,4700.0,3.0,11.0,2570.0,4.0,11.0,30.0,1.0,1.0,3600.0,3.0,10.0,1538.5714285714287,1517.862296910017,1521.4285714285713,1355.3617577995533,1264.1666666666667,1186.207433256361,-3325.0,-1195.0,-0.4649805447470817
2023-02-03,1230,2,5,2,4,5,2,1,0,1375.0,3.0,8.0,235.0,3.0,9.0,125.0,2.0,4.0,1765.0,4.0,10.0,1680.7142857142858,1418.7976969116864,1600.357142857143,1298.7796998687688,1246.3333333333333,1182.433881896773,-145.0,995.0,4.23404255319149
2023-02-04,1120,2,6,2,5,5,2,1,1,1230.0,2.0,5.0,1020.0,3.0,7.0,2090.0,3.0,7.0,600.0,1.0,2.0,1695.0,1411.5210471922362,1531.0714285714287,1296.5207562660044,1263.6666666666667,1176.4286496919788,-110.0,100.0,0.0980392156862746
2023-02-05,1805,8,20,8,6,5,2,1,1,1120.0,2.0,6.0,600.0,1.0,2.0,325.0,2.0,2.0,1240.0,3.0,8.0,1867.142857142857,1326.6494674644882,1636.7857142857142,1250.1240048381312,1282.5,1180.5519968393512,685.0,1205.0,2.0083333333333333
2023-02-06,625,4,8,4,0,6,2,1,0,1805.0,8.0,20.0,740.0,4.0,9.0,3120.0,3.0,10.0,1100.0,3.0,5.0,1850.7142857142858,1343.5383277358478,1458.5714285714287,1199.2199845852185,1266.6666666666667,1186.255579059831,-1180.0,-115.0,-0.15540540540540537
2023-02-07,2100,4,10,4,1,6,2,1,0,625.0,4.0,8.0,2100.0,3.0,9.0,2250.0,3.0,11.0,620.0,2.0,5.0,1850.7142857142858,1343.5383277358478,1447.857142857143,1192.2549970631192,1316.0,1189.2060521552853,1475.0,0.0,0.0
2023-02-08,425,4,13,4,2,6,2,1,0,2100.0,4.0,10.0,4700.0,3.0,11.0,50.0,1.0,1.0,150.0,2.0,6.0,1240.0,596.3779562212765,1474.642857142857,1162.2697692375539,1325.1666666666667,1180.9394881672151,-1675.0,-4275.0,-0.9095744680851063
2023-02-09,600,1,2,1,3,6,2,1,0,425.0,4.0,13.0,1375.0,3.0,8.0,2570.0,4.0,11.0,625.0,2.0,3.0,1129.2857142857142,637.6482087289496,1333.9285714285713,1138.4641789767418,1324.3333333333333,1181.4593060931143,175.0,-775.0,-0.5636363636363637
2023-02-10,1900,3,6,3,4,6,2,1,0,600.0,1.0,2.0,1230.0,2.0,5.0,235.0,3.0,9.0,200.0,1.0,4.0,1225.0,702.2938606215113,1452.857142857143,1101.1911632509489,1381.0,1166.3451609548347,1300.0,670.0,0.5447154471544715
2023-02-11,2215,5,12,5,5,6,2,1,1,1900.0,3.0,6.0,1120.0,2.0,6.0,1020.0,3.0,7.0,230.0,2.0,5.0,1381.4285714285713,791.3159624201653,1538.2142857142858,1111.3256241341433,1447.1666666666667,1155.0471578172076,315.0,1095.0,0.9776785714285714
2023-02-12,500,1,1,1,6,6,2,1,1,2215.0,5.0,12.0,1805.0,8.0,20.0,600.0,1.0,2.0,280.0,3.0,10.0,1195.0,827.7781506337714,1531.0714285714287,1118.1202951854038,1454.5,1148.0585936626921,-1715.0,-1305.0,-0.7229916897506925
2023-02-13,3600,4,11,4,0,7,2,1,0,500.0,1.0,1.0,625.0,4.0,8.0,740.0,4.0,9.0,1930.0,4.0,11.0,1620.0,1176.580497316978,1735.357142857143,1219.1713205252204,1510.1666666666667,1210.6883788055093,3100.0,2975.0,4.76
2023-02-14,400,2,3,2,1,7,2,1,0,3600.0,4.0,11.0,2100.0,4.0,10.0,2100.0,3.0,9.0,1550.0,4.0,10.0,1377.142857142857,1234.9893965228243,1613.9285714285713,1263.8983932071633,1471.8333333333333,1227.4732129483507,-3200.0,-1700.0,-0.8095238095238095
2023-02-16,900,1,3,1,3,7,2,1,0,400.0,2.0,3.0,425.0,4.0,13.0,4700.0,3.0,11.0,660.0,3.0,7.0,1445.0,1186.033304760031,1342.5,908.1315348645177,1479.8333333333333,1222.7727700298353,500.0,475.0,1.1176470588235294
2023-02-17,5890,6,21,6,4,7,2,1,0,900.0,1.0,3.0,600.0,1.0,2.0,1375.0,3.0,8.0,4000.0,2.0,8.0,2200.714285714286,1978.4809589080976,1665.0,1517.684217686731,1542.8333333333333,1393.8199083029376,4990.0,5290.0,8.816666666666666
2023-02-18,1000,1,2,1,5,7,2,1,1,5890.0,6.0,21.0,1900.0,3.0,6.0,1230.0,2.0,5.0,1645.0,4.0,8.0,2072.1428571428573,2029.8560235126226,1648.5714285714287,1523.9869631123045,1521.3333333333333,1397.160256237342,-4890.0,-900.0,-0.4736842105263158
2023-02-19,2025,2,5,2,6,7,2,1,1,1000.0,1.0,2.0,2215.0,5.0,12.0,1120.0,2.0,6.0,30.0,1.0,1.0,2045.0,2028.8974838566885,1713.2142857142858,1519.027531961532,1587.8333333333333,1370.9622113893115,1025.0,-190.0,-0.08577878103837466
2023-02-20,1130,3,7,3,0,8,2,1,0,2025.0,2.0,5.0,500.0,1.0,1.0,1805.0,8.0,20.0,125.0,2.0,4.0,2135.0,1961.8040167152276,1665.0,1526.583666985761,1621.3333333333333,1346.0369245673949,-895.0,630.0,1.2599999999999998
2023-02-21,385,3,4,3,1,8,2,1,0,1130.0,3.0,7.0,3600.0,4.0,11.0,625.0,4.0,8.0,2090.0,3.0,7.0,1675.7142857142858,1937.8562652482524,1647.857142857143,1540.445383005181,1564.5,1361.4725483828163,-745.0,-3215.0,-0.8930555555555556
2023-02-22,300,5,12,5,2,8,2,1,0,385.0,3.0,4.0,400.0,2.0,3.0,2100.0,4.0,10.0,325.0,2.0,2.0,1661.4285714285713,1949.1637400983752,1519.2857142857142,1574.5449368759719,1563.6666666666667,1362.2648062321991,-85.0,-100.0,-0.25
2023-02-23,30,1,1,1,3,8,2,1,0,300.0,5.0,12.0,900.0,1.0,3.0,425.0,4.0,13.0,3120.0,3.0,10.0,1537.142857142857,2031.7928395525819,1491.0714285714287,1599.0107261046755,1460.6666666666667,1357.3412991207667,-270.0,-870.0,-0.9666666666666667
2023-02-24,3200,4,12,4,4,8,2,1,0,30.0,1.0,1.0,5890.0,6.0,21.0,600.0,1.0,2.0,2250.0,3.0,11.0,1152.857142857143,1121.984317860018,1676.7857142857142,1638.0671151165857,1492.3333333333333,1387.145874867139,3170.0,-2690.0,-0.4567062818336163
2023-02-25,2550,4,9,4,5,8,2,1,1,3200.0,4.0,12.0,1000.0,1.0,2.0,1900.0,3.0,6.0,50.0,1.0,1.0,1374.2857142857142,1234.1340708212808,1723.2142857142858,1654.0144720123744,1575.6666666666667,1372.5264480419723,-650.0,1550.0,1.5499999999999998
2023-02-26,50,1,2,1,6,8,2,1,1,2550.0,4.0,9.0,2025.0,2.0,5.0,2215.0,5.0,12.0,2570.0,4.0,11.0,1092.142857142857,1285.2751234102152,1568.5714285714287,1704.9232202105723,1491.6666666666667,1386.6147895910544,-2500.0,-1975.0,-0.9753086419753086
2023-02-27,1825,4,9,4,0,9,2,1,0,50.0,1.0,2.0,1130.0,3.0,7.0,500.0,1.0,1.0,235.0,3.0,9.0,1191.4285714285713,1315.1828589139054,1663.2142857142858,1677.5997128943773,1544.6666666666667,1367.17613156193,1775.0,695.0,0.6150442477876106
2023-02-28,2180,4,11,4,1,9,2,1,0,1825.0,4.0,9.0,385.0,3.0,4.0,3600.0,4.0,11.0,1020.0,3.0,7.0,1447.857142857143,1306.7066016735141,1561.7857142857142,1592.2487812269417,1583.3333333333333,1368.2289920596786,355.0,1795.0,4.662337662337662
2023-03-01,460,3,7,3,2,9,3,1,0,2180.0,4.0,11.0,300.0,5.0,12.0,400.0,2.0,3.0,600.0,1.0,2.0,1470.7142857142858,1284.4922102119729,1566.0714285714287,1588.958510582214,1578.6666666666667,1371.9322727159458,-1720.0,160.0,0.5333333333333334
2023-03-02,300,1,1,1,3,9,3,1,0,460.0,3.0,7.0,30.0,1.0,1.0,900.0,1.0,3.0,740.0,4.0,9.0,1509.2857142857142,1237.2025857131237,1523.2142857142858,1616.1642709048638,1564.0,1383.5102781169255,-160.0,270.0,9.0
2023-03-03,970,5,15,5,4,9,3,1,0,300.0,1.0,1.0,3200.0,4.0,12.0,5890.0,6.0,21.0,2100.0,3.0,9.0,1190.7142857142858,992.1291438594266,1171.7857142857142,1017.6908385443695,1526.3333333333333,1383.7965849451095,670.0,-2230.0,-0.696875
2023-03-04,1000,1,2,1,5,9,3,1,1,970.0,5.0,15.0,2550.0,4.0,9.0,1000.0,1.0,2.0,4700.0,3.0,11.0,969.2857142857143,790.7192325736771,1171.7857142857142,1017.6908385443695,1403.0,1249.5575768771264,30.0,-1550.0,-0.607843137254902
2023-03-05,420,2,5,2,6,9,3,1,1,1000.0,1.0,2.0,50.0,1.0,2.0,2025.0,2.0,5.0,1375.0,3.0,8.0,1022.1428571428571,728.9824937476046,1057.142857142857,1004.4989456779588,1371.1666666666667,1262.394197228189,-580.0,370.0,7.4
2023-03-06,625,4,14,4,0,10,3,1,0,420.0,2.0,5.0,1825.0,4.0,9.0,1130.0,3.0,7.0,1230.0,2.0,5.0,850.7142857142857,644.9704681316073,1021.0714285714286,1010.7293226854865,1351.0,1269.5392865130252,205.0,-1200.0,-0.6575342465753424
2023-03-07,3040,4,12,4,1,10,3,1,0,625.0,4.0,14.0,2180.0,4.0,11.0,385.0,3.0,4.0,1120.0,2.0,6.0,973.5714285714286,950.1083898066328,1210.7142857142858,1124.8399153501064,1415.0,1305.3820949412109,2415.0,860.0,0.3944954128440368
2023-03-08,25,1,1,1,2,10,3,1,0,3040.0,4.0,12.0,460.0,3.0,7.0,300.0,5.0,12.0,1805.0,8.0,20.0,911.4285714285714,1002.1007695740744,1191.0714285714287,1144.2013986441984,1355.6666666666667,1327.3130320529035,-3015.0,-435.0,-0.9456521739130435
2023-03-09,1200,3,11,3,3,10,3,1,0,25.0,1.0,1.0,300.0,1.0,1.0,30.0,1.0,1.0,625.0,4.0,8.0,1040.0,967.7249953714469,1274.642857142857,1094.5238941864422,1374.8333333333333,1320.532470538732,1175.0,900.0,3.0
2023-03-10,175,2,4,2,4,10,3,1,0,1200.0,3.0,11.0,970.0,5.0,15.0,3200.0,4.0,12.0,2100.0,4.0,10.0,926.4285714285714,1022.4142762994618,1058.5714285714287,977.5310905372944,1310.6666666666667,1330.8097958174485,-1025.0,-795.0,-0.8195876288659794
2023-03-11,500,1,1,1,5,10,3,1,1,175.0,2.0,4.0,1000.0,1.0,2.0,2550.0,4.0,9.0,425.0,4.0,13.0,855.0,1033.81977797551,912.1428571428571,886.2121518135356,1313.1666666666667,1329.1580711717174,325.0,-500.0,-0.5
2023-03-12,525,2,2,2,6,10,3,1,1,500.0,1.0,1.0,420.0,2.0,5.0,50.0,1.0,2.0,600.0,1.0,2.0,870.0,1027.1968328092396,946.0714285714286,859.3516755076475,1310.6666666666667,1330.615448303667,25.0,105.0,0.25
2023-03-13,300,3,9,3,0,11,3,1,0,525.0,2.0,2.0,625.0,4.0,14.0,1825.0,4.0,9.0,1900.0,3.0,6.0,823.5714285714286,1047.2651458509852,837.1428571428571,835.6980368477646,1257.3333333333333,1338.2230455123058,-225.0,-325.0,-0.52
2023-03-15,1000,1,2,1,2,11,3,1,0,300.0,3.0,9.0,3040.0,4.0,12.0,2180.0,4.0,11.0,2215.0,5.0,12.0,532.1428571428571,429.0770826519889,752.8571428571429,744.3575295972565,1216.8333333333333,1326.5755001021485,700.0,-2040.0,-0.6710526315789473
2023-03-17,1075,3,10,3,4,11,3,1,0,1000.0,1.0,2.0,25.0,1.0,1.0,460.0,3.0,7.0,500.0,1.0,1.0,682.1428571428571,405.1013982414058,796.7857142857143,743.8920701875447,1236.0,1319.9989550675073,75.0,1050.0,42.0
2023-03-18,1620,2,7,2,5,11,3,1,1,1075.0,3.0,10.0,1200.0,3.0,11.0,300.0,1.0,1.0,3600.0,4.0,11.0,742.1428571428571,511.67093219875426,891.0714285714286,759.5701683579599,1170.0,1245.0979742643717,545.0,420.0,0.3500000000000001
2023-03-19,80,2,3,2,6,11,3,1,1,1620.0,2.0,7.0,175.0,2.0,4.0,970.0,5.0,15.0,400.0,2.0,3.0,728.5714285714286,530.1471044728545,827.5,789.1250022846621,1159.3333333333333,1253.2658944928053,-1540.0,-95.0,-0.5428571428571429
2023-03-20,2950,5,16,5,0,12,3,1,0,80.0,2.0,3.0,500.0,1.0,1.0,1000.0,1.0,2.0,900.0,1.0,3.0,1078.5714285714287,975.6481362224221,966.7857142857143,972.664079776729,1227.6666666666667,1293.8679870126214,2870.0,2450.0,4.9
2023-03-21,3500,4,13,4,1,12,3,1,0,2950.0,5.0,16.0,525.0,2.0,2.0,420.0,2.0,5.0,5890.0,6.0,21.0,1503.5714285714287,1291.242019290324,1186.7857142857142,1168.1537160817506,1148.0,1046.9080913452426,550.0,2975.0,5.666666666666667
2023-03-22,1390,5,11,5,2,12,3,1,0,3500.0,4.0,13.0,300.0,3.0,9.0,625.0,4.0,14.0,1000.0,1.0,2.0,1659.2857142857142,1183.1047733662078,1241.4285714285713,1157.6990252077749,1161.0,1047.4282133248876,-2110.0,1090.0,3.6333333333333337
2023-03-23,1950,4,12,4,3,12,3,1,0,1390.0,5.0,11.0,1000.0,1.0,2.0,3040.0,4.0,12.0,2025.0,2.0,5.0,1795.0,1148.8653823084185,1163.5714285714287,1059.9644924594052,1158.5,1045.3824164159855,560.0,950.0,0.95
2023-03-24,250,2,5,2,4,12,3,1,0,1950.0,4.0,12.0,1075.0,3.0,10.0,25.0,1.0,1.0,1130.0,3.0,7.0,1677.142857142857,1270.8752139859407,1179.642857142857,1042.9423324379964,1129.1666666666667,1058.4740833187518,-1700.0,-825.0,-0.7674418604651163
2023-03-25,1625,4,6,4,5,12,3,1,1,250.0,2.0,5.0,1620.0,2.0,7.0,1200.0,3.0,11.0,385.0,3.0,4.0,1677.857142857143,1270.8391490889571,1210.0,1049.7435584282182,1170.5,1052.607067205534,1375.0,5.0,0.0030864197530864335
2023-03-26,1420,3,10,3,6,12,3,1,1,1625.0,4.0,6.0,80.0,2.0,3.0,175.0,2.0,4.0,300.0,5.0,12.0,1869.2857142857142,1076.028301097098,1298.9285714285713,1007.1917901759334,1207.8333333333333,1040.4596823398363,-205.0,1340.0,16.75
2023-03-27,590,2,4,2,0,13,3,1,0,1420.0,3.0,10.0,2950.0,5.0,16.0,500.0,1.0,1.0,30.0,1.0,1.0,1532.142857142857,1050.3961837597963,1305.357142857143,1001.9739446284444,1226.5,1023.4847083742202,-830.0,-2360.0,-0.8
2023-03-28,100,1,2,1,1,13,3,1,0,590.0,2.0,4.0,3500.0,4.0,13.0,525.0,2.0,2.0,3200.0,4.0,12.0,1046.4285714285713,724.2393382353783,1275.0,1033.3813057516195,1123.1666666666667,972.5911741086404,-490.0,-3400.0,-0.9714285714285714
2023-03-29,500,1,1,1,2,13,3,1,0,100.0,1.0,2.0,1390.0,5.0,11.0,300.0,3.0,9.0,2550.0,4.0,9.0,919.2857142857143,731.9518914714073,1289.2857142857142,1020.163744667524,1054.8333333333333,940.3681261312928,400.0,-890.0,-0.6402877697841727
2023-03-30,200,1,4,1,3,13,3,1,0,500.0,1.0,1.0,1950.0,4.0,12.0,1000.0,1.0,2.0,50.0,1.0,2.0,669.2857142857143,609.9209550659577,1232.142857142857,1059.2699123701884,1059.8333333333333,935.2258470858641,-300.0,-1750.0,-0.8974358974358975
2023-03-31,1200,1,4,1,4,13,3,1,0,200.0,1.0,4.0,250.0,2.0,5.0,1075.0,3.0,10.0,1825.0,4.0,9.0,805.0,606.7605238752208,1241.0714285714287,1058.3698978425925,1039.0,924.4927779878677,1000.0,950.0,3.8
2023-04-01,4400,3,12,3,5,13,4,2,1,1200.0,1.0,4.0,1625.0,4.0,6.0,1620.0,2.0,7.0,2180.0,4.0,11.0,1201.4285714285713,1492.2290772691767,1439.642857142857,1354.341259525363,1113.0,1092.546534951479,3200.0,2775.0,1.7076923076923078
2023-04-02,2600,4,11,4,6,13,4,2,1,4400.0,3.0,12.0,1420.0,3.0,10.0,80.0,2.0,3.0,460.0,3.0,7.0,1370.0,1584.8133433730718,1619.642857142857,1326.9201823507208,1184.3333333333333,1118.0060246994951,-1800.0,1180.0,0.8309859154929577
2023-04-04,1620,3,7,3,1,14,4,2,0,2600.0,4.0,11.0,590.0,2.0,4.0,2950.0,5.0,16.0,300.0,1.0,1.0,1517.142857142857,1547.7049060432926,1524.642857142857,1270.7697005626674,1228.3333333333333,1107.9316963054,-980.0,1030.0,1.7457627118644066
2023-04-05,2100,2,7,2,2,14,4,2,0,1620.0,3.0,7.0,100.0,1.0,2.0,3500.0,4.0,13.0,970.0,5.0,15.0,1802.857142857143,1421.9905565288204,1424.642857142857,1152.9935357176087,1266.0,1118.0088519790208,480.0,2000.0,20.0
2023-04-06,1200,1,4,1,3,14,4,2,0,2100.0,2.0,7.0,500.0,1.0,1.0,1390.0,5.0,11.0,1000.0,1.0,2.0,1902.857142857143,1337.1825390937263,1411.0714285714287,1154.5498266414497,1272.6666666666667,1116.9638136123929,-900.0,700.0,1.4
2023-04-08,2450,5,15,5,5,14,4,2,1,1200.0,1.0,4.0,200.0,1.0,4.0,1950.0,4.0,12.0,420.0,2.0,5.0,2224.285714285714,1110.9133951071858,1446.7857142857142,1179.956986085081,1340.3333333333333,1124.9880714565554,1250.0,2250.0,11.25
2023-04-09,2235,6,13,6,6,14,4,2,1,2450.0,5.0,15.0,1200.0,1.0,4.0,250.0,2.0,5.0,625.0,4.0,14.0,2372.1428571428573,1016.7507771608274,1588.5714285714287,1143.793332212243,1394.0,1128.084583524749,-215.0,1035.0,0.8625
2023-04-10,60,2,2,2,0,15,4,2,0,2235.0,6.0,13.0,4400.0,3.0,12.0,1625.0,4.0,6.0,3040.0,4.0,12.0,1752.142857142857,889.3530286246349,1476.7857142857142,1214.2639542329541,1294.6666666666667,1109.1919498487152,-2175.0,-4340.0,-0.9863636363636363
2023-04-11,50,1,2,1,1,15,4,2,0,60.0,2.0,2.0,2600.0,4.0,11.0,1420.0,3.0,10.0,25.0,1.0,1.0,1387.857142857143,999.599324491473,1378.9285714285713,1272.9767938114255,1295.5,1108.2141194204116,-10.0,-2550.0,-0.9807692307692307
2023-04-12,1590,5,13,5,2,15,4,2,0,50.0,1.0,2.0,1620.0,3.0,7.0,590.0,2.0,4.0,1200.0,3.0,11.0,1383.5714285714287,998.501853969712,1450.357142857143,1253.2058341060185,1308.5,1109.342108545918,1540.0,-30.0,-0.01851851851851849
2023-04-13,360,3,8,3,3,15,4,2,0,1590.0,5.0,13.0,2100.0,2.0,7.0,100.0,1.0,2.0,175.0,2.0,4.0,1135.0,1006.9715322027062,1468.9285714285713,1233.4257773987242,1314.6666666666667,1103.321734841978,-1230.0,-1740.0,-0.8285714285714285
2023-04-15,700,2,5,2,5,15,4,2,1,360.0,3.0,8.0,1200.0,1.0,4.0,500.0,1.0,1.0,500.0,1.0,1.0,1063.5714285714287,1019.2510088528819,1483.2142857142858,1222.4496326620592,1321.3333333333333,1098.8245548306836,340.0,-500.0,-0.41666666666666663
2023-04-16,300,1,1,1,6,15,4,2,1,700.0,2.0,5.0,2450.0,5.0,15.0,200.0,1.0,4.0,525.0,2.0,2.0,756.4285714285714,840.0134636109212,1490.357142857143,1214.6421826480962,1313.8333333333333,1105.1967240498745,-400.0,-2150.0,-0.8775510204081632
2023-04-17,25,1,1,1,0,16,4,2,0,300.0,1.0,1.0,2235.0,6.0,13.0,1200.0,1.0,4.0,300.0,3.0,9.0,440.7142857142857,560.4791742445931,1406.4285714285713,1275.3271504438928,1304.6666666666667,1114.9926034495145,-275.0,-2210.0,-0.9888143176733781
2023-04-18,500,4,9,4,1,16,4,2,0,25.0,1.0,1.0,60.0,2.0,2.0,4400.0,3.0,12.0,1000.0,1.0,2.0,503.57142857142856,534.7484945102218,1127.857142857143,957.468043824468,1288.0,1123.4089131776088,475.0,440.0,7.333333333333334
2023-04-19,2725,6,15,6,2,16,4,2,0,500.0,4.0,9.0,50.0,1.0,2.0,2600.0,4.0,11.0,1075.0,3.0,10.0,885.7142857142857,950.6595454885884,1136.7857142857142,972.7135066061663,1343.0,1152.6316216261,2225.0,2675.0,53.5
2023-04-20,3375,5,14,5,3,16,4,2,0,2725.0,6.0,15.0,1590.0,5.0,13.0,1620.0,3.0,7.0,1620.0,2.0,7.0,1140.7142857142858,1333.4086288263513,1262.142857142857,1138.701545090375,1401.5,1210.2700966712146,650.0,1785.0,1.1226415094339623
2023-04-21,170,2,5,2,4,16,4,2,0,3375.0,5.0,14.0,360.0,3.0,8.0,2100.0,2.0,7.0,80.0,2.0,3.0,1113.5714285714287,1353.7285371820124,1124.2857142857142,1146.2662751849468,1404.5,1206.9885223577926,-3205.0,-190.0,-0.5277777777777778
2023-04-22,225,3,9,3,5,16,4,2,1,170.0,2.0,5.0,700.0,2.0,5.0,1200.0,1.0,4.0,2950.0,5.0,16.0,1045.7142857142858,1389.3506533972036,1054.642857142857,1170.6711820505,1313.6666666666667,1189.0730476483259,55.0,-475.0,-0.6785714285714286
2023-04-23,2905,7,15,7,6,16,4,2,1,225.0,3.0,9.0,300.0,1.0,1.0,2450.0,5.0,15.0,3500.0,4.0,13.0,1417.857142857143,1500.7327575300706,1087.142857142857,1217.7575770585518,1293.8333333333333,1155.8462218244028,2680.0,2605.0,8.683333333333334
2023-04-24,170,2,6,2,0,17,4,2,0,2905.0,7.0,15.0,25.0,1.0,1.0,2235.0,6.0,13.0,1390.0,5.0,11.0,1438.5714285714287,1479.1487255786528,939.6428571428571,1192.8351235053944,1253.1666666666667,1173.6705489494332,-2735.0,145.0,5.8
2023-04-25,160,3,4,3,1,17,4,2,0,170.0,2.0,6.0,500.0,4.0,9.0,60.0,2.0,2.0,1950.0,4.0,12.0,1390.0,1520.1206092500247,946.7857142857143,1187.4497675899593,1193.5,1182.4901763826113,-10.0,-340.0,-0.6799999999999999
2023-04-26,270,3,9,3,2,17,4,2,0,160.0,3.0,4.0,2725.0,6.0,15.0,50.0,1.0,2.0,250.0,2.0,5.0,1039.2857142857142,1441.976157256158,962.5,1176.0702981343607,1194.1666666666667,1181.9454180563364,110.0,-2455.0,-0.9009174311926605
2023-04-27,1430,3,9,3,3,17,4,2,0,270.0,3.0,9.0,3375.0,5.0,14.0,1590.0,5.0,13.0,1625.0,4.0,6.0,761.4285714285714,1051.3828762068317,951.0714285714286,1170.2665353398181,1187.6666666666667,1180.0290275019197,1160.0,-1945.0,-0.5762962962962963
2023-04-28,135,3,5,3,4,17,4,2,0,1430.0,3.0,9.0,170.0,2.0,5.0,360.0,3.0,8.0,1420.0,3.0,10.0,756.4285714285714,1054.7421260104054,935.0,1180.5083650698955,1144.8333333333333,1194.537483233814,-1295.0,-35.0,-0.20588235294117652
2023-04-29,1960,3,7,3,5,17,4,2,1,135.0,3.0,5.0,225.0,3.0,9.0,700.0,2.0,5.0,590.0,2.0,4.0,1004.2857142857143,1111.3821296454412,1025.0,1208.9028719653834,1190.5,1198.7747696193233,1825.0,1735.0,7.71111111111111
2023-04-30,155,3,6,3,6,17,4,2,1,1960.0,3.0,7.0,2905.0,7.0,15.0,300.0,1.0,1.0,100.0,1.0,2.0,611.4285714285714,757.1036602612282,1014.6428571428571,1216.1911924050078,1192.3333333333333,1197.090390195682,-1805.0,-2750.0,-0.9466437177280551
2023-05-01,625,3,4,3,0,18,5,2,0,155.0,3.0,6.0,170.0,2.0,6.0,25.0,1.0,1.0,500.0,1.0,1.0,676.4285714285714,732.0047488786869,1057.5,1188.9001866625104,1196.5,1194.8128911371796,470.0,455.0,2.676470588235294
2023-05-02,165,3,5,3,1,18,5,2,0,625.0,3.0,4.0,160.0,3.0,4.0,500.0,4.0,9.0,200.0,1.0,4.0,677.1428571428571,731.4190382563246,1033.5714285714287,1204.2559601606363,1195.3333333333333,1195.8361187840521,-460.0,5.0,0.03125
2023-05-03,300,5,11,5,2,18,5,2,0,165.0,3.0,5.0,270.0,3.0,9.0,2725.0,6.0,15.0,1200.0,1.0,4.0,681.4285714285714,728.7187059359389,860.3571428571429,1113.2134087436207,1165.3333333333333,1206.952512659919,135.0,30.0,0.11111111111111116
2023-05-04,1140,3,7,3,3,18,5,2,0,300.0,5.0,11.0,1430.0,3.0,9.0,3375.0,5.0,14.0,4400.0,3.0,12.0,640.0,686.0636510800804,700.7142857142857,855.2167002553223,1056.6666666666667,1041.0309324409388,840.0,-290.0,-0.2027972027972028
2023-05-05,1520,5,9,5,4,18,5,2,0,1140.0,3.0,7.0,135.0,3.0,5.0,170.0,2.0,5.0,2600.0,4.0,11.0,837.8571428571429,715.2438811509031,797.1428571428571,866.8038423420254,1020.6666666666666,1003.829506520365,380.0,1385.0,10.25925925925926
2023-05-06,990,5,11,5,5,18,5,2,1,1520.0,5.0,9.0,1960.0,3.0,7.0,225.0,3.0,9.0,1620.0,3.0,7.0,699.2857142857143,532.1295939542377,851.7857142857143,851.9471072938574,999.6666666666666,997.4285328588309,-530.0,-970.0,-0.4948979591836735
2023-05-07,995,5,12,5,6,18,5,2,1,990.0,5.0,11.0,155.0,3.0,6.0,2905.0,7.0,15.0,2100.0,2.0,7.0,819.2857142857143,481.2087953912547,715.3571428571429,618.921096890243,962.8333333333334,975.5570321557352,5.0,840.0,5.419354838709677
2023-05-08,4200,6,15,6,0,19,5,2,0,995.0,5.0,12.0,625.0,3.0,4.0,170.0,2.0,6.0,1200.0,1.0,4.0,1330.0,1351.237087511539,1003.2142857142857,1097.7277355149042,1062.8333333333333,1140.5176405938435,3205.0,3575.0,5.72
2023-05-09,660,3,7,3,1,19,5,2,0,4200.0,6.0,15.0,165.0,3.0,5.0,160.0,3.0,4.0,2450.0,5.0,15.0,1400.7142857142858,1291.750842111294,1038.9285714285713,1076.10440330536,1003.1666666666666,1111.9084892677758,-3540.0,495.0,3.0
2023-05-10,2200,2,8,2,2,19,5,2,0,660.0,3.0,7.0,300.0,5.0,11.0,270.0,3.0,9.0,2235.0,6.0,13.0,1672.142857142857,1219.5144427969997,1176.7857142857142,1093.5046114053812,1002.0,1110.5890018519376,1540.0,1900.0,6.333333333333333
2023-05-11,30,1,1,1,3,19,5,2,0,2200.0,2.0,8.0,1140.0,3.0,7.0,1430.0,3.0,9.0,60.0,2.0,2.0,1513.5714285714287,1363.8631232816651,1076.7857142857142,1131.9071841924017,1001.0,1111.4795979017,-2170.0,-1110.0,-0.9736842105263158
2023-05-12,100,1,4,1,4,19,5,2,0,30.0,1.0,1.0,1520.0,5.0,9.0,135.0,3.0,5.0,50.0,1.0,2.0,1310.7142857142858,1464.6285893570096,1074.2857142857142,1134.1836392192076,1002.6666666666666,1110.0409539923426,70.0,-1420.0,-0.9342105263157895
2023-05-13,800,2,6,2,5,19,5,2,1,100.0,1.0,4.0,990.0,5.0,11.0,1960.0,3.0,7.0,1590.0,5.0,13.0,1283.5714285714287,1473.2976455492458,991.4285714285714,1106.5355299857647,976.3333333333334,1104.9862952288947,700.0,-190.0,-0.19191919191919193
2023-05-14,1060,3,4,3,6,19,5,2,1,800.0,2.0,6.0,995.0,5.0,12.0,155.0,3.0,6.0,360.0,3.0,8.0,1292.857142857143,1471.379333434156,1056.0714285714287,1080.0305881911722,999.6666666666666,1098.8967299016344,260.0,65.0,0.0653266331658291
2023-05-15,1680,3,9,3,0,20,5,2,0,1060.0,3.0,4.0,4200.0,6.0,15.0,625.0,3.0,4.0,700.0,2.0,5.0,932.8571428571429,793.824377842568,1131.4285714285713,1084.436096942391,1032.3333333333333,1104.234586937262,620.0,-2520.0,-0.6
2023-05-16,7260,11,26,11,1,20,5,2,0,1680.0,3.0,9.0,660.0,3.0,7.0,165.0,3.0,5.0,300.0,1.0,1.0,1875.7142857142858,2500.545654737896,1638.2142857142858,1927.8880504751396,1264.3333333333333,1575.6059224909334,5580.0,6600.0,10.0
2023-05-17,3050,3,7,3,2,20,5,2,0,7260.0,11.0,26.0,2200.0,2.0,8.0,300.0,5.0,11.0,25.0,1.0,1.0,1997.142857142857,2539.256546614345,1834.642857142857,1921.1359463025578,1365.1666666666667,1590.284339861647,-4210.0,850.0,0.38636363636363646
2023-05-18,550,2,2,2,3,20,5,2,0,3050.0,3.0,7.0,30.0,1.0,1.0,1140.0,3.0,7.0,500.0,4.0,9.0,2071.4285714285716,2479.008058151678,1792.5,1943.8826630463855,1366.8333333333333,1589.3722916954337,-2500.0,520.0,17.333333333333332
2023-05-19,1350,3,5,3,4,20,5,2,0,550.0,2.0,2.0,100.0,1.0,4.0,1520.0,5.0,9.0,2725.0,6.0,15.0,2250.0,2355.263608742484,1780.357142857143,1946.245363895189,1321.0,1568.5450099617356,800.0,1250.0,12.5
2023-05-20,725,3,7,3,5,20,5,2,1,1350.0,3.0,5.0,800.0,2.0,6.0,990.0,5.0,11.0,3375.0,5.0,14.0,2239.285714285714,2363.1166365829768,1761.4285714285713,1955.7886748468866,1232.6666666666667,1522.8363584813187,-625.0,-75.0,-0.09375
2023-05-21,2900,3,7,3,6,20,5,2,1,725.0,3.0,7.0,1060.0,3.0,4.0,995.0,5.0,12.0,170.0,2.0,5.0,2502.1428571428573,2311.8568603737444,1897.5,1964.6126551092418,1323.6666666666667,1538.6312397563045,2175.0,1840.0,1.7358490566037736
2023-05-22,1810,4,14,4,0,21,5,2,0,2900.0,3.0,7.0,1680.0,3.0,9.0,4200.0,6.0,15.0,225.0,3.0,9.0,2520.714285714286,2304.6627167755464,1726.7857142857142,1849.621174460054,1376.5,1526.7715261634423,-1090.0,130.0,0.07738095238095233
2023-05-23,8455,9,29,9,1,21,5,2,0,1810.0,4.0,14.0,7260.0,11.0,26.0,660.0,3.0,7.0,2905.0,7.0,15.0,2691.4285714285716,2720.8986173163985,2283.5714285714284,2545.9616806073263,1561.5,1985.6555201815809,6645.0,1195.0,0.16460055096418724
2023-05-24,50,1,2,1,2,21,5,2,0,8455.0,9.0,29.0,3050.0,3.0,7.0,2200.0,2.0,8.0,170.0,2.0,6.0,2262.8571428571427,2886.2488012742674,2130.0,2615.2901001021487,1557.5,1988.6738563415947,-8405.0,-3000.0,-0.9836065573770492
2023-05-25,2600,3,6,3,3,21,5,2,0,50.0,1.0,2.0,550.0,2.0,2.0,30.0,1.0,1.0,160.0,3.0,4.0,2555.714285714286,2785.738125661116,2313.5714285714284,2545.822693514454,1638.8333333333333,1979.422017405208,2550.0,2050.0,3.7272727272727275
2023-05-26,2020,3,9,3,4,21,5,2,0,2600.0,3.0,6.0,1350.0,3.0,5.0,100.0,1.0,4.0,270.0,3.0,9.0,2651.4285714285716,2748.6704578239805,2450.714285714286,2467.9287930312194,1697.1666666666667,1963.4130572381684,-580.0,670.0,0.49629629629629624
2023-05-27,2200,3,9,3,5,21,5,2,1,2020.0,3.0,9.0,725.0,3.0,7.0,800.0,2.0,6.0,1430.0,3.0,9.0,2862.1428571428573,2630.367301890964,2550.714285714286,2423.867584240952,1722.8333333333333,1964.832485328532,180.0,1475.0,2.0344827586206895
2023-05-28,75,1,3,1,6,21,5,2,1,2200.0,3.0,9.0,2900.0,3.0,7.0,1060.0,3.0,4.0,135.0,3.0,5.0,2458.5714285714284,2832.538193749137,2480.3571428571427,2484.016183743355,1720.8333333333333,1966.5342713082532,-2125.0,-2825.0,-0.9741379310344828
2023-05-29,1200,1,4,1,0,22,5,2,0,75.0,1.0,3.0,1810.0,4.0,14.0,1680.0,3.0,9.0,1960.0,3.0,7.0,2371.4285714285716,2865.0141277803427,2446.0714285714284,2499.1792334003067,1695.5,1968.2415353252018,1125.0,-610.0,-0.3370165745856354
2023-05-30,140,2,5,2,1,22,5,2,0,1200.0,1.0,4.0,8455.0,9.0,29.0,7260.0,11.0,26.0,155.0,3.0,6.0,1183.5714285714287,1106.2124354666041,1937.5,2143.3203482878184,1695.0,1968.6482321808949,-1060.0,-8315.0,-0.9834417504435246
2023-05-31,2300,3,11,3,2,22,5,2,0,140.0,2.0,5.0,50.0,1.0,2.0,3050.0,3.0,7.0,625.0,3.0,4.0,1505.0,1047.2543466926602,1883.9285714285713,2122.648181446422,1750.8333333333333,1960.9929237828558,2160.0,2250.0,45.0
2023-06-01,160,3,5,3,3,22,6,2,0,2300.0,3.0,11.0,2600.0,3.0,6.0,550.0,2.0,2.0,165.0,3.0,5.0,1156.4285714285713,1027.9377181429602,1856.0714285714287,2143.95319496434,1750.6666666666667,1961.132560420184,-2140.0,-2440.0,-0.9384615384615385
2023-06-02,150,3,6,3,4,22,6,2,0,160.0,3.0,5.0,2020.0,3.0,9.0,1350.0,3.0,5.0,300.0,5.0,11.0,889.2857142857143,1008.9203328782908,1770.357142857143,2189.2512456279464,1745.6666666666667,1965.1457493254668,-10.0,-1870.0,-0.9257425742574258
2023-06-03,1025,3,3,3,5,22,6,2,1,150.0,3.0,6.0,2200.0,3.0,9.0,725.0,3.0,7.0,1140.0,3.0,7.0,721.4285714285714,837.7286468268161,1791.7857142857142,2179.679411098071,1741.8333333333333,1966.4796496896872,875.0,-1175.0,-0.5340909090909092
2023-06-04,1030,4,6,4,6,22,6,2,1,1025.0,3.0,3.0,75.0,1.0,3.0,2900.0,3.0,7.0,1520.0,5.0,9.0,857.8571428571429,791.3904279960761,1658.2142857142858,2163.782840610092,1725.5,1970.416702821669,5.0,955.0,12.733333333333333
2023-06-05,100,2,3,2,0,23,6,2,0,1030.0,4.0,6.0,1200.0,1.0,4.0,1810.0,4.0,14.0,990.0,5.0,11.0,700.7142857142857,820.7944757541769,1536.0714285714287,2202.4734160374437,1695.8333333333333,1988.4893258075517,-930.0,-1100.0,-0.9166666666666666
2023-06-06,1950,4,11,4,1,23,6,2,0,100.0,2.0,3.0,140.0,2.0,5.0,8455.0,9.0,29.0,995.0,5.0,12.0,959.2857142857143,896.3371230152421,1071.4285714285713,974.2382202983549,1727.6666666666667,1984.5231918147422,1850.0,1810.0,12.928571428571429
2023-06-07,150,2,3,2,2,23,6,2,0,1950.0,4.0,11.0,2300.0,3.0,11.0,50.0,1.0,2.0,4200.0,6.0,15.0,652.1428571428571,709.1770885026853,1078.5714285714287,966.5092394230413,1592.6666666666667,1947.9563709150425,-1800.0,-2150.0,-0.9347826086956522
2023-06-08,1700,2,5,2,3,23,6,2,0,150.0,2.0,3.0,160.0,3.0,5.0,2600.0,3.0,6.0,660.0,3.0,7.0,872.1428571428571,767.5277255733585,1014.2857142857143,883.9332056710551,1627.3333333333333,1940.0238770897017,1550.0,1540.0,9.625
2023-06-09,1820,3,11,3,4,23,6,2,0,1700.0,2.0,5.0,150.0,3.0,6.0,2020.0,3.0,9.0,2200.0,2.0,8.0,1110.7142857142858,765.1929417442645,1000.0,867.899763797638,1614.6666666666667,1937.3946838265913,120.0,1670.0,11.133333333333333
2023-06-10,2750,4,11,4,5,23,6,2,1,1820.0,3.0,11.0,1025.0,3.0,3.0,2200.0,3.0,9.0,30.0,1.0,1.0,1357.142857142857,980.4712181006707,1039.2857142857142,936.1600314025378,1705.3333333333333,1924.2790559213256,930.0,1725.0,1.6829268292682928
2023-06-11,3300,5,12,5,6,23,6,2,1,2750.0,4.0,11.0,1030.0,4.0,6.0,75.0,1.0,3.0,100.0,1.0,4.0,1681.4285714285713,1204.1238664333043,1269.642857142857,1068.1120372769053,1812.0,1920.9119601430687,550.0,2270.0,2.203883495145631
2023-06-12,50,1,2,1,0,24,6,2,0,3300.0,5.0,12.0,100.0,2.0,3.0,1200.0,1.0,4.0,800.0,2.0,6.0,1674.2857142857142,1215.1660674280595,1187.5,1116.9821119702567,1787.0,1939.329158809018,-3250.0,-50.0,-0.5
2023-06-13,500,1,1,1,1,24,6,2,0,50.0,1.0,2.0,1950.0,4.0,11.0,140.0,2.0,5.0,1060.0,3.0,4.0,1467.142857142857,1282.0779264630576,1213.2142857142858,1094.9387182410228,1768.3333333333333,1949.2378410341662,450.0,-1450.0,-0.7435897435897436
2023-06-14,900,1,3,1,2,24,6,2,0,500.0,1.0,1.0,150.0,2.0,3.0,2300.0,3.0,11.0,1680.0,3.0,9.0,1574.2857142857142,1181.0144952942965,1113.2142857142858,1051.1012670653433,1742.3333333333333,1955.6482007399666,400.0,750.0,5.0
2023-06-15,220,2,6,2,3,24,6,2,0,900.0,1.0,3.0,1700.0,2.0,5.0,160.0,3.0,5.0,7260.0,11.0,26.0,1362.857142857143,1282.8446812418406,1117.5,1047.0301406285362,1507.6666666666667,1672.629941003158,-680.0,-1480.0,-0.8705882352941177
2023-06-16,230,2,5,2,4,24,6,2,0,220.0,2.0,6.0,1820.0,3.0,11.0,150.0,3.0,6.0,3050.0,3.0,7.0,1135.7142857142858,1328.368136008203,1123.2142857142858,1041.5476781857192,1413.6666666666667,1662.171374486072,10.0,-1590.0,-0.8736263736263736
2023-06-17,1450,3,9,3,5,24,6,2,1,230.0,2.0,5.0,2750.0,4.0,11.0,1025.0,3.0,3.0,550.0,2.0,2.0,950.0,1143.0077281745166,1153.5714285714287,1044.6538413999372,1443.6666666666667,1654.148355380857,1220.0,-1300.0,-0.4727272727272728
2023-06-18,900,1,3,1,6,24,6,2,1,1450.0,3.0,9.0,3300.0,5.0,12.0,1030.0,4.0,6.0,1350.0,3.0,5.0,607.1428571428571,499.3233516708507,1144.2857142857142,1046.4130254255326,1428.6666666666667,1657.0647779012497,-550.0,-2400.0,-0.7272727272727273
2023-06-19,2945,5,16,5,0,25,6,2,0,900.0,1.0,3.0,50.0,1.0,2.0,100.0,2.0,3.0,725.0,3.0,7.0,1020.7142857142857,953.3993067415358,1347.5,1102.746135092541,1502.6666666666667,1674.0399890855265,2045.0,2895.0,57.9
2023-06-20,190,2,7,2,1,25,6,2,0,2945.0,5.0,16.0,500.0,1.0,1.0,1950.0,4.0,11.0,2900.0,3.0,7.0,976.4285714285714,988.1831573048366,1221.7857142857142,1128.7903790253604,1412.3333333333333,1669.1484166429323,-2755.0,-310.0,-0.62
2023-06-21,175,2,7,2,2,25,6,2,0,190.0,2.0,7.0,900.0,1.0,3.0,150.0,2.0,3.0,1810.0,4.0,14.0,872.8571428571429,1034.4396919059511,1223.5714285714287,1126.982746048096,1357.8333333333333,1682.3565591021488,-15.0,-725.0,-0.8055555555555556
2023-06-22,1220,4,11,4,3,25,6,2,0,175.0,2.0,7.0,220.0,2.0,6.0,1700.0,2.0,5.0,8455.0,9.0,29.0,1015.7142857142857,997.649022165899,1189.2857142857142,1118.6441950704577,1116.6666666666667,1016.820037423411,1045.0,1000.0,4.545454545454546
2023-06-23,170,2,5,2,4,25,6,2,0,1220.0,4.0,11.0,230.0,2.0,5.0,1820.0,3.0,11.0,50.0,1.0,2.0,1007.1428571428571,1005.7495428073264,1071.4285714285713,1133.8980224317888,1120.6666666666667,1012.7069676361718,-1050.0,-60.0,-0.26086956521739135
2023-06-24,6220,5,19,5,5,25,6,2,1,170.0,2.0,5.0,1450.0,3.0,9.0,2750.0,4.0,11.0,2600.0,3.0,6.0,1688.5714285714287,2228.4724108039322,1319.2857142857142,1744.1008893088465,1241.3333333333333,1353.4075343454344,6050.0,4770.0,3.2896551724137932
2023-06-25,900,1,3,1,6,25,6,2,1,6220.0,5.0,19.0,900.0,1.0,3.0,3300.0,5.0,12.0,2020.0,3.0,9.0,1688.5714285714287,2228.4724108039322,1147.857142857143,1649.8411511948113,1204.0,1346.6179859187978,-5320.0,0.0,0.0
2023-06-26,2130,3,8,3,0,26,6,2,0,900.0,1.0,3.0,2945.0,5.0,16.0,50.0,1.0,2.0,2200.0,3.0,9.0,1572.142857142857,2172.4752724769537,1296.4285714285713,1636.9759038819436,1201.6666666666667,1344.8922103541474,1230.0,-815.0,-0.27674023769100164
2023-06-27,900,1,3,1,1,26,6,2,0,2130.0,3.0,8.0,190.0,2.0,7.0,500.0,1.0,1.0,75.0,1.0,3.0,1673.5714285714287,2112.94958585882,1325.0,1625.4561489956257,1229.1666666666667,1329.405547301275,-1230.0,710.0,3.7368421052631575
2023-06-28,300,1,1,1,2,26,6,2,0,900.0,1.0,3.0,175.0,2.0,7.0,900.0,1.0,3.0,1200.0,1.0,4.0,1691.4285714285713,2098.653763498787,1282.142857142857,1645.312355527893,1199.1666666666667,1340.1975429103684,-600.0,125.0,0.7142857142857142
2023-06-29,2150,3,9,3,3,26,6,2,0,300.0,1.0,1.0,1220.0,4.0,11.0,220.0,2.0,6.0,140.0,2.0,5.0,1824.2857142857142,2093.2658466525245,1420.0,1630.2583561179206,1266.1666666666667,1335.6560336515854,1850.0,930.0,0.7622950819672132
2023-06-30,1030,2,3,2,4,26,6,2,0,2150.0,3.0,9.0,170.0,2.0,5.0,230.0,2.0,5.0,2300.0,3.0,11.0,1947.142857142857,2003.2949049479662,1477.142857142857,1599.0606789440644,1223.8333333333333,1321.8134638947106,-1120.0,860.0,5.0588235294117645
2023-07-01,1750,4,12,4,5,26,7,3,1,1030.0,2.0,3.0,6220.0,5.0,19.0,1450.0,3.0,9.0,160.0,3.0,5.0,1308.5714285714287,707.8471720983446,1498.5714285714287,1600.678255965538,1276.8333333333333,1309.506015926283,720.0,-4470.0,-0.7186495176848875
2023-07-03,230,2,5,2,0,27,7,3,0,1750.0,4.0,12.0,900.0,1.0,3.0,900.0,1.0,3.0,150.0,3.0,6.0,1212.857142857143,810.1998577658563,1450.7142857142858,1629.7036742715109,1279.5,1307.211661356418,-1520.0,-670.0,-0.7444444444444445
2023-07-04,500,1,1,1,1,27,7,3,0,230.0,2.0,5.0,2130.0,3.0,8.0,2945.0,5.0,16.0,1025.0,3.0,3.0,980.0,733.2575718440763,1276.0714285714287,1587.7199164106462,1262.0,1314.2315179444681,270.0,-1630.0,-0.7652582159624413
2023-07-05,780,4,7,4,2,27,7,3,0,500.0,1.0,1.0,900.0,1.0,3.0,190.0,2.0,7.0,1030.0,4.0,6.0,962.8571428571429,736.8336376169411,1318.2142857142858,1564.3327493054178,1253.6666666666667,1316.5438906819454,280.0,-120.0,-0.1333333333333333
2023-07-06,2260,3,10,3,3,27,7,3,0,780.0,4.0,7.0,300.0,1.0,1.0,175.0,2.0,7.0,100.0,2.0,3.0,1242.857142857143,811.5769482046339,1467.142857142857,1546.2681057776017,1325.6666666666667,1310.324869781466,1480.0,1960.0,6.533333333333333
2023-07-08,220,2,6,2,5,27,7,3,1,2260.0,3.0,10.0,2150.0,3.0,9.0,1220.0,4.0,11.0,1950.0,4.0,11.0,967.1428571428571,779.2242784914241,1395.7142857142858,1581.2639262297744,1268.0,1319.9337757682365,-2040.0,-1930.0,-0.8976744186046511
2023-07-09,325,4,10,4,6,27,7,3,1,220.0,2.0,6.0,1030.0,2.0,3.0,170.0,2.0,5.0,150.0,2.0,3.0,866.4285714285714,814.5075929956843,1406.7857142857142,1572.540334743628,1273.8333333333333,1315.2007079905525,105.0,-705.0,-0.6844660194174756
2023-07-11,200,2,4,2,1,28,7,3,0,325.0,4.0,10.0,1750.0,4.0,12.0,6220.0,5.0,19.0,1700.0,2.0,5.0,645.0,741.7041189045698,976.7857142857143,776.9853160251334,1223.8333333333333,1326.9011626350696,-125.0,-1550.0,-0.8857142857142857
2023-07-12,30,1,1,1,2,28,7,3,0,200.0,2.0,4.0,230.0,2.0,5.0,900.0,1.0,3.0,1820.0,3.0,11.0,616.4285714285714,763.8756131602556,914.6428571428571,817.3419966944281,1164.1666666666667,1339.355920436833,-170.0,-200.0,-0.8695652173913043
2023-07-13,100,1,2,1,3,28,7,3,0,30.0,1.0,1.0,500.0,1.0,1.0,2130.0,3.0,8.0,2750.0,4.0,11.0,559.2857142857143,788.5980628697416,769.6428571428571,763.4347090256307,1075.8333333333333,1318.3826843139482,70.0,-400.0,-0.8
2023-07-14,5125,10,26,10,4,28,7,3,0,100.0,1.0,2.0,780.0,4.0,7.0,900.0,1.0,3.0,3300.0,5.0,12.0,1180.0,1907.5005460899185,1071.4285714285713,1393.775211667698,1136.6666666666667,1459.1408273442935,5025.0,4345.0,5.57051282051282
2023-07-15,3000,2,6,2,5,28,7,3,1,5125.0,10.0,26.0,2260.0,3.0,10.0,300.0,1.0,1.0,50.0,1.0,2.0,1285.7142857142858,1995.7923000056667,1264.2857142857142,1463.8593053753705,1235.0,1482.5973248276848,-2125.0,740.0,0.32743362831858414
2023-07-16,190,2,7,2,6,28,7,3,1,3000.0,2.0,6.0,220.0,2.0,6.0,2150.0,3.0,9.0,500.0,1.0,1.0,1281.4285714285713,1998.4925866881827,1124.2857142857142,1466.3584632882707,1224.6666666666667,1488.9633823647207,-2810.0,-30.0,-0.13636363636363635
2023-07-17,950,2,4,2,0,29,7,3,0,190.0,2.0,7.0,325.0,4.0,10.0,1030.0,2.0,3.0,900.0,1.0,3.0,1370.7142857142858,1962.274251498817,1118.5714285714287,1466.9099240494356,1226.3333333333333,1488.6153791783952,760.0,625.0,1.923076923076923
2023-07-19,2060,4,10,4,2,29,7,3,0,950.0,2.0,4.0,200.0,2.0,4.0,1750.0,4.0,12.0,220.0,2.0,6.0,1636.4285714285713,1902.342227986583,1140.7142857142858,1479.4604748702454,1287.6666666666667,1483.6201840682518,1110.0,1860.0,9.3
2023-07-21,1000,1,2,1,4,29,7,3,0,2060.0,4.0,10.0,30.0,1.0,1.0,230.0,2.0,5.0,230.0,2.0,5.0,1775.0,1798.307074259938,1195.7142857142858,1457.1440152979653,1313.3333333333333,1471.3009334536594,-1060.0,970.0,32.333333333333336
2023-07-22,150,2,5,2,5,29,7,3,1,1000.0,1.0,2.0,100.0,1.0,2.0,500.0,1.0,1.0,1450.0,3.0,9.0,1782.142857142857,1790.6280489045776,1170.7142857142858,1472.9155507971989,1270.0,1486.2055364422931,-850.0,50.0,0.5
2023-07-23,2000,1,4,1,6,29,7,3,1,150.0,2.0,5.0,5125.0,10.0,26.0,780.0,4.0,7.0,900.0,1.0,3.0,1335.7142857142858,1057.967503326658,1257.857142857143,1484.0688796549962,1306.6666666666667,1490.3258920007452,1850.0,-3125.0,-0.6097560975609756
2023-07-24,4610,5,13,5,0,30,7,3,0,2000.0,1.0,4.0,3000.0,2.0,6.0,2260.0,3.0,10.0,2945.0,5.0,16.0,1565.7142857142858,1543.6197409860724,1425.7142857142858,1720.243561850446,1362.1666666666667,1581.6461761205576,2610.0,1610.0,0.5366666666666666
2023-07-25,2000,3,4,3,1,30,7,3,0,4610.0,5.0,13.0,190.0,2.0,7.0,220.0,2.0,6.0,190.0,2.0,7.0,1824.2857142857142,1421.5350522452513,1552.857142857143,1689.7845951546533,1422.5,1569.8691742110013,-2610.0,1810.0,9.526315789473685
2023-07-26,1000,3,5,3,2,30,7,3,0,2000.0,3.0,4.0,950.0,2.0,4.0,325.0,4.0,10.0,175.0,2.0,7.0,1831.4285714285713,1416.5266037203903,1601.0714285714287,1661.4476757096133,1450.0,1554.4125179186087,-1000.0,50.0,0.05263157894736836
2023-07-27,1190,3,6,3,3,30,7,3,0,1000.0,3.0,5.0,2060.0,4.0,10.0,200.0,2.0,4.0,1220.0,4.0,11.0,1707.142857142857,1431.2199258641144,1671.7857142857142,1617.7211026422522,1449.0,1554.5752274917527,190.0,-870.0,-0.4223300970873787
2023-07-28,3450,5,12,5,4,30,7,3,0,1190.0,3.0,6.0,1000.0,1.0,2.0,30.0,1.0,1.0,170.0,2.0,5.0,2057.1428571428573,1525.906444114606,1916.0714285714287,1608.9272328664647,1558.3333333333333,1576.705061377908,2260.0,2450.0,2.45
2023-07-29,575,2,4,2,5,30,7,3,1,3450.0,5.0,12.0,150.0,2.0,5.0,100.0,1.0,2.0,6220.0,5.0,19.0,2117.8571428571427,1443.611954851608,1950.0,1572.2754211651338,1370.1666666666667,1316.5730615642954,-2875.0,425.0,2.8333333333333335
2023-07-30,270,2,7,2,6,30,7,3,1,575.0,2.0,4.0,2000.0,1.0,4.0,5125.0,10.0,26.0,900.0,1.0,3.0,1870.7142857142858,1606.093678700564,1603.2142857142858,1335.744688788382,1349.1666666666667,1329.294007159915,-305.0,-1730.0,-0.865
2023-07-31,1500,1,3,1,0,31,7,3,0,270.0,2.0,7.0,4610.0,5.0,13.0,3000.0,2.0,6.0,2130.0,3.0,8.0,1426.4285714285713,1059.027518865441,1496.0714285714287,1273.8104232991234,1328.1666666666667,1321.4865475676622,1230.0,-3110.0,-0.6746203904555315
2023-08-01,720,3,7,3,1,31,8,3,0,1500.0,1.0,3.0,2000.0,3.0,4.0,190.0,2.0,7.0,900.0,1.0,3.0,1243.5714285714287,1053.9794205996743,1533.9285714285713,1239.4201165362465,1322.1666666666667,1323.9040251529157,-780.0,-1280.0,-0.64
2023-08-02,50,1,2,1,2,31,8,3,0,720.0,3.0,7.0,1000.0,3.0,5.0,950.0,2.0,4.0,300.0,1.0,1.0,1107.857142857143,1147.576639208532,1469.642857142857,1294.1680789153756,1313.8333333333333,1331.325942197408,-670.0,-950.0,-0.95
2023-08-03,375,3,4,3,3,31,8,3,0,50.0,1.0,2.0,1190.0,3.0,6.0,2060.0,4.0,10.0,2150.0,3.0,9.0,991.4285714285714,1178.7730707735727,1349.2857142857142,1313.2532375494313,1254.6666666666667,1332.3255099140813,325.0,-815.0,-0.6848739495798319
2023-08-04,260,4,7,4,4,31,8,3,0,375.0,3.0,4.0,3450.0,5.0,12.0,1000.0,1.0,2.0,1030.0,2.0,3.0,535.7142857142857,478.4909313963825,1296.4285714285713,1342.9494356874288,1229.0,1344.1670924456505,-115.0,-3190.0,-0.9246376811594202
2023-08-05,5205,8,17,8,5,31,8,3,1,260.0,4.0,7.0,575.0,2.0,4.0,150.0,2.0,5.0,1750.0,4.0,12.0,1197.142857142857,1830.8464734990248,1657.5,1654.4366343027693,1344.1666666666667,1526.049714093567,4945.0,4630.0,8.052173913043479
2023-08-06,2500,2,5,2,6,31,8,3,1,5205.0,8.0,17.0,270.0,2.0,7.0,2000.0,1.0,4.0,230.0,2.0,5.0,1515.7142857142858,1836.637390657696,1693.2142857142858,1667.7421484229424,1419.8333333333333,1525.1774816639252,-2705.0,2230.0,8.25925925925926
2023-08-07,1020,2,7,2,0,32,8,3,0,2500.0,2.0,5.0,1500.0,1.0,3.0,4610.0,5.0,13.0,500.0,1.0,1.0,1447.142857142857,1846.2571533214111,1436.7857142857142,1446.021873362141,1437.1666666666667,1517.2977814098538,-1480.0,-480.0,-0.31999999999999995
2023-08-08,1385,4,9,4,1,32,8,3,0,1020.0,2.0,7.0,720.0,3.0,7.0,2000.0,3.0,4.0,780.0,4.0,7.0,1542.142857142857,1819.5211300936153,1392.857142857143,1436.90869348285,1457.3333333333333,1512.2743395829077,365.0,665.0,0.9236111111111112
2023-08-09,1010,4,11,4,2,32,8,3,0,1385.0,4.0,9.0,50.0,1.0,2.0,1000.0,3.0,5.0,2260.0,3.0,10.0,1679.2857142857142,1721.8677566609392,1393.5714285714287,1436.7008528776398,1415.6666666666667,1506.6059900303737,-375.0,960.0,19.2
2023-08-10,200,1,4,1,3,32,8,3,0,1010.0,4.0,11.0,375.0,3.0,4.0,1190.0,3.0,6.0,220.0,2.0,6.0,1654.2857142857142,1745.0750427308014,1322.857142857143,1471.4353461915937,1415.0,1507.1576353955265,-810.0,-175.0,-0.4666666666666667
2023-08-11,900,3,8,3,4,32,8,3,0,200.0,1.0,4.0,260.0,4.0,7.0,3450.0,5.0,12.0,325.0,4.0,10.0,1745.7142857142858,1675.2174698911706,1140.7142857142858,1339.810344131495,1434.1666666666667,1496.4360438499648,700.0,640.0,2.4615384615384617
2023-08-12,1370,4,11,4,5,32,8,3,1,900.0,3.0,8.0,5205.0,8.0,17.0,575.0,2.0,4.0,200.0,2.0,4.0,1197.857142857143,696.6099885807557,1197.5,1330.8062189168222,1473.1666666666667,1478.2984646459972,470.0,-3835.0,-0.7367915465898175
2023-08-13,700,2,5,2,6,32,8,3,1,1370.0,4.0,11.0,2500.0,2.0,5.0,270.0,2.0,7.0,30.0,1.0,1.0,940.7142857142857,408.4567354835877,1228.2142857142858,1312.590813184802,1495.5,1460.7003221176076,-670.0,-1800.0,-0.72
2023-08-14,1230,2,5,2,0,33,8,3,0,700.0,2.0,5.0,1020.0,2.0,7.0,1500.0,1.0,3.0,100.0,1.0,2.0,970.7142857142857,422.71373855353875,1208.9285714285713,1310.27181350845,1533.1666666666667,1437.865086072795,530.0,210.0,0.2058823529411764
2023-08-15,970,6,13,6,1,33,8,3,0,1230.0,2.0,5.0,1385.0,4.0,9.0,720.0,3.0,7.0,5125.0,10.0,26.0,911.4285714285714,382.07453772916773,1226.7857142857142,1304.7879390667524,1394.6666666666667,1270.3060541713432,-260.0,-415.0,-0.29963898916967513
2023-08-17,900,1,3,1,3,33,8,3,0,970.0,6.0,13.0,1010.0,4.0,11.0,50.0,1.0,2.0,3000.0,2.0,6.0,895.7142857142857,379.59878568726083,1287.5,1264.986698014585,1324.6666666666667,1236.1961492984153,-70.0,-110.0,-0.1089108910891089
2023-08-18,1630,3,8,3,4,33,8,3,0,900.0,1.0,3.0,200.0,1.0,4.0,375.0,3.0,4.0,190.0,2.0,7.0,1100.0,323.4192325759317,1377.142857142857,1239.5605832553877,1372.6666666666667,1218.4485141396806,730.0,1430.0,7.15
2023-08-19,2160,4,8,4,5,33,8,3,1,1630.0,3.0,8.0,900.0,3.0,8.0,260.0,4.0,7.0,950.0,2.0,4.0,1280.0,497.39320461783984,1512.857142857143,1211.535443917399,1413.0,1223.9890973145257,530.0,1260.0,1.4
2023-08-20,90,1,3,1,6,33,8,3,1,2160.0,4.0,8.0,1370.0,4.0,11.0,5205.0,8.0,17.0,2060.0,4.0,10.0,1097.142857142857,665.6253772634781,1147.5,656.648688417175,1347.3333333333333,1240.8101728537977,-2070.0,-1280.0,-0.9343065693430657
2023-08-21,1560,6,11,6,0,34,8,3,0,90.0,1.0,3.0,700.0,2.0,5.0,2500.0,2.0,5.0,1000.0,1.0,2.0,1220.0,659.4442104277443,1080.357142857143,546.5432078271342,1366.0,1239.6164590377307,1470.0,860.0,1.2285714285714286
2023-08-22,1275,2,7,2,1,34,8,3,0,1560.0,6.0,11.0,1230.0,2.0,5.0,1020.0,2.0,7.0,150.0,2.0,5.0,1226.4285714285713,659.7771990459786,1098.5714285714287,548.6221502420949,1403.5,1218.39715935775,-285.0,45.0,0.03658536585365857
2023-08-23,1730,3,6,3,2,34,8,3,0,1275.0,2.0,7.0,970.0,6.0,13.0,1385.0,4.0,9.0,2000.0,1.0,4.0,1335.0,672.947496713776,1123.2142857142858,569.8164587858907,1394.5,1214.8310156362177,455.0,760.0,0.7835051546391754
2023-08-24,1305,3,8,3,3,34,8,3,0,1730.0,3.0,6.0,900.0,1.0,3.0,1010.0,4.0,11.0,4610.0,5.0,13.0,1392.857142857143,646.1930641770155,1144.2857142857142,570.7614924981165,1284.3333333333333,1052.1420952066064,-425.0,405.0,0.44999999999999996
2023-08-25,395,3,11,3,4,34,8,3,0,1305.0,3.0,8.0,1630.0,3.0,8.0,200.0,1.0,4.0,2000.0,3.0,4.0,1216.4285714285713,733.3695878484169,1158.2142857142858,547.8651123394129,1230.8333333333333,1055.2978688285234,-910.0,-1235.0,-0.7576687116564418
2023-08-26,955,3,5,3,5,34,8,3,1,395.0,3.0,11.0,2160.0,4.0,8.0,900.0,3.0,8.0,1000.0,3.0,5.0,1044.2857142857142,605.1957573892183,1162.142857142857,546.0653464901054,1229.3333333333333,1055.669205416341,560.0,-1205.0,-0.5578703703703703
2023-08-27,1725,4,11,4,6,34,8,3,1,955.0,3.0,5.0,90.0,1.0,3.0,1370.0,4.0,11.0,1190.0,3.0,6.0,1277.857142857143,477.56201292657323,1187.5,564.394672329428,1247.1666666666667,1059.493766017472,770.0,1635.0,18.166666666666668
2023-08-28,350,3,9,3,0,35,8,3,0,1725.0,4.0,11.0,1560.0,6.0,11.0,700.0,2.0,5.0,3450.0,5.0,12.0,1105.0,568.7046685231313,1162.5,594.5934292891592,1143.8333333333333,985.854856888465,-1375.0,-1210.0,-0.7756410256410257
2023-08-29,2630,4,8,4,1,35,8,3,0,350.0,3.0,9.0,1275.0,2.0,7.0,1230.0,2.0,5.0,575.0,2.0,4.0,1298.5714285714287,813.9395671962529,1262.5,712.7971714957237,1212.3333333333333,1015.9034821563868,2280.0,1355.0,1.062745098039216
2023-08-31,2360,5,14,5,3,35,8,3,0,2630.0,4.0,8.0,1730.0,3.0,6.0,970.0,6.0,13.0,270.0,2.0,7.0,1388.5714285714287,899.8875591137057,1361.7857142857142,763.8959029536991,1282.0,1020.7042869407921,-270.0,630.0,0.36416184971098264
2023-09-01,1375,4,8,4,4,35,9,3,0,2360.0,5.0,14.0,1305.0,3.0,8.0,900.0,1.0,3.0,1500.0,1.0,3.0,1398.5714285714287,899.1927596725984,1395.7142857142858,752.2679993573697,1277.8333333333333,1020.038609253501,-985.0,70.0,0.05363984674329503
2023-09-02,1370,3,10,3,5,35,9,3,1,1375.0,4.0,8.0,395.0,3.0,11.0,1630.0,3.0,8.0,720.0,3.0,7.0,1537.857142857143,786.2508990077406,1377.142857142857,749.24247457968,1299.5,1014.6702793824551,-5.0,975.0,2.4683544303797467
2023-09-03,300,1,1,1,6,35,9,3,1,1370.0,3.0,10.0,955.0,3.0,5.0,2160.0,4.0,8.0,50.0,1.0,2.0,1444.2857142857142,898.1853398725171,1244.2857142857142,764.5004833294648,1307.8333333333333,1005.0353256215062,-1070.0,-655.0,-0.6858638743455497
2023-09-04,1000,1,2,1,0,36,9,3,0,300.0,1.0,1.0,1725.0,4.0,11.0,90.0,1.0,3.0,375.0,3.0,4.0,1340.7142857142858,902.2122282267677,1309.2857142857142,694.2701124281424,1328.6666666666667,991.4174225557704,700.0,-725.0,-0.42028985507246375
2023-09-05,530,2,2,2,1,36,9,3,0,1000.0,1.0,2.0,350.0,3.0,9.0,1560.0,6.0,11.0,260.0,4.0,7.0,1366.4285714285713,871.3051239649767,1235.7142857142858,719.7645372001773,1337.6666666666667,982.5676543639624,-470.0,180.0,0.5142857142857142
2023-09-06,1765,5,18,5,2,36,9,3,0,530.0,2.0,2.0,2630.0,4.0,8.0,1275.0,2.0,7.0,5205.0,8.0,17.0,1242.857142857143,708.3305322073498,1270.7142857142858,733.6024314794246,1223.0,665.1323435849134,1235.0,-865.0,-0.3288973384030418
2023-09-07,420,3,10,3,3,36,9,3,0,1765.0,5.0,18.0,2360.0,5.0,14.0,1730.0,3.0,6.0,2500.0,2.0,5.0,965.7142857142857,563.0010995506522,1177.142857142857,753.782039211176,1153.6666666666667,635.1621206748958,-1345.0,-1940.0,-0.8220338983050848
2023-09-08,1125,4,10,4,4,36,9,3,0,420.0,3.0,10.0,1375.0,4.0,8.0,1305.0,3.0,8.0,1020.0,2.0,7.0,930.0,540.1774399830782,1164.2857142857142,752.96811951834,1157.1666666666667,634.6892850094038,705.0,-250.0,-0.18181818181818177
2023-09-09,200,3,5,3,5,36,9,3,1,1125.0,4.0,10.0,1370.0,3.0,10.0,395.0,3.0,11.0,1385.0,4.0,9.0,762.8571428571429,561.9153045822967,1150.357142857143,769.9062487524881,1117.6666666666667,656.5199964564124,-925.0,-1170.0,-0.8540145985401459
2023-09-10,200,1,4,1,6,36,9,3,1,200.0,3.0,5.0,300.0,1.0,1.0,955.0,3.0,5.0,1010.0,4.0,11.0,748.5714285714286,576.7199947816603,1096.4285714285713,810.0390032666223,1090.6666666666667,677.423787968616,0.0,-100.0,-0.33333333333333337
2023-09-11,2200,2,8,2,0,37,9,3,0,200.0,1.0,4.0,1000.0,1.0,2.0,1725.0,4.0,11.0,200.0,1.0,4.0,920.0,799.3069915036851,1130.357142857143,847.4746746515913,1157.3333333333333,685.11732362161,2000.0,1200.0,1.2000000000000002
2023-09-13,50,1,2,1,2,37,9,3,0,2200.0,2.0,8.0,530.0,2.0,2.0,350.0,3.0,9.0,900.0,3.0,8.0,851.4285714285714,856.8581868553034,1108.9285714285713,872.1573132875028,1129.0,713.1298184279183,-2150.0,-480.0,-0.9056603773584906
2023-09-14,1200,1,4,1,3,37,9,3,0,50.0,1.0,2.0,1765.0,5.0,18.0,2630.0,4.0,8.0,1370.0,4.0,11.0,770.7142857142857,779.5855125825373,1006.7857142857143,756.3642975110912,1123.3333333333333,711.822979414819,1150.0,-565.0,-0.32011331444759206
2023-09-15,75,1,3,1,4,37,9,3,0,1200.0,1.0,4.0,420.0,3.0,10.0,2360.0,5.0,14.0,700.0,2.0,5.0,721.4285714285714,815.5300642614542,843.5714285714286,685.0727883040756,1102.5,733.457506467215,-1125.0,-345.0,-0.8214285714285714
2023-09-16,2150,3,10,3,5,37,9,3,1,75.0,1.0,3.0,1125.0,4.0,10.0,1375.0,4.0,8.0,1230.0,2.0,5.0,867.8571428571429,976.2507240409514,898.9285714285714,758.6759178672037,1133.1666666666667,757.8013607132491,2075.0,1025.0,0.9111111111111112
2023-09-17,700,5,10,5,6,37,9,3,1,2150.0,3.0,10.0,200.0,3.0,5.0,1370.0,3.0,10.0,970.0,6.0,13.0,939.2857142857143,936.7338138955183,851.0714285714286,747.7277851326218,1124.1666666666667,761.4007999476497,-1450.0,500.0,2.5
2023-09-18,1000,3,10,3,0,38,9,3,0,700.0,5.0,10.0,200.0,1.0,4.0,300.0,1.0,1.0,900.0,1.0,3.0,1053.5714285714287,878.496415690444,901.0714285714286,731.2664950708343,1127.5,760.6040589444418,300.0,800.0,4.0
2023-09-19,160,2,6,2,1,38,9,3,0,1000.0,3.0,10.0,2200.0,2.0,8.0,1000.0,1.0,2.0,1630.0,3.0,8.0,762.1428571428571,765.9626684922806,841.0714285714286,756.548789853349,1078.5,774.3419341831387,-840.0,-2040.0,-0.9272727272727272
2023-09-21,105,2,4,2,3,38,9,3,0,160.0,2.0,6.0,50.0,1.0,2.0,530.0,2.0,2.0,2160.0,4.0,8.0,770.0,757.6773719730621,810.7142857142857,778.2076476475532,1010.0,766.2233850921484,-55.0,55.0,1.1
2023-09-22,140,2,4,2,4,38,9,3,0,105.0,2.0,4.0,1200.0,1.0,4.0,1765.0,5.0,18.0,90.0,1.0,3.0,618.5714285714286,763.3190370880047,694.6428571428571,745.4205428577085,1011.6666666666666,764.2049433249568,35.0,-1060.0,-0.8833333333333333
2023-09-23,100,1,2,1,5,38,9,3,1,140.0,2.0,4.0,75.0,1.0,3.0,420.0,3.0,10.0,1560.0,6.0,11.0,622.1428571428571,760.4048107360202,671.7857142857143,759.2673775090337,963.0,774.500506444483,-40.0,25.0,0.33333333333333326
2023-09-24,390,2,4,2,6,38,9,3,1,100.0,1.0,2.0,2150.0,3.0,10.0,1125.0,4.0,10.0,1275.0,2.0,7.0,370.7142857142857,352.6852772117259,619.2857142857143,750.883728433616,933.5,779.0479932982762,290.0,-1760.0,-0.8186046511627907
2023-09-25,1090,3,8,3,0,39,9,3,0,390.0,2.0,4.0,700.0,5.0,10.0,200.0,3.0,5.0,1730.0,3.0,6.0,426.42857142857144,434.6522967242047,682.8571428571429,750.3299640458522,912.1666666666666,765.1230274448933,700.0,390.0,0.5571428571428572
2023-09-26,100,1,2,1,1,39,9,3,0,1090.0,3.0,8.0,1000.0,3.0,10.0,200.0,1.0,4.0,1305.0,3.0,8.0,297.85714285714283,364.0954218202745,675.7142857142857,755.7366684817583,872.0,775.3504213335228,-990.0,-900.0,-0.9
2023-09-28,425,3,4,3,3,39,9,3,0,100.0,1.0,2.0,160.0,2.0,6.0,2200.0,2.0,8.0,395.0,3.0,11.0,335.7142857142857,361.13742272886293,548.9285714285714,616.3889212159777,873.0,774.7331019843848,325.0,265.0,1.65625
2023-09-29,2550,4,12,4,4,39,9,3,0,425.0,3.0,4.0,105.0,2.0,4.0,50.0,1.0,2.0,955.0,3.0,5.0,685.0,892.4077916886836,727.5,796.5351650936476,926.1666666666666,833.0859575360038,2125.0,2445.0,23.285714285714285
2023-09-30,2900,2,7,2,5,39,9,3,1,2550.0,4.0,12.0,140.0,2.0,4.0,1200.0,1.0,4.0,1725.0,4.0,11.0,1079.2857142857142,1176.1038381432327,848.9285714285714,982.0762514877647,965.3333333333334,897.0987080327476,350.0,2760.0,19.714285714285715
2023-10-01,2800,3,6,3,6,39,10,4,1,2900.0,2.0,7.0,100.0,1.0,2.0,75.0,1.0,3.0,350.0,3.0,9.0,1465.0,1242.2929069533764,1043.5714285714287,1081.8599165884996,1047.0,949.1571578747269,-100.0,2700.0,27.0
2023-10-02,1245,5,15,5,0,40,10,4,0,2800.0,3.0,6.0,390.0,2.0,4.0,2150.0,3.0,10.0,2630.0,4.0,8.0,1587.142857142857,1158.1661407258516,978.9285714285714,1036.761189347026,1000.8333333333334,902.0179325128267,-1555.0,855.0,2.1923076923076925
2023-10-03,2170,5,17,5,1,40,10,4,0,1245.0,5.0,15.0,1090.0,3.0,8.0,700.0,5.0,10.0,2360.0,5.0,14.0,1741.4285714285713,1152.8252046086411,1083.9285714285713,1079.8810094197836,994.5,892.7653184309443,925.0,1080.0,0.9908256880733946
2023-10-04,3010,6,17,6,2,40,10,4,0,2170.0,5.0,17.0,100.0,1.0,2.0,1000.0,3.0,10.0,1375.0,4.0,8.0,2157.1428571428573,972.9074002821703,1227.5,1195.3109508536954,1049.0,963.8682840334144,840.0,2910.0,29.1
2023-10-05,530,2,2,2,3,40,10,4,0,3010.0,6.0,17.0,425.0,3.0,4.0,160.0,2.0,6.0,1370.0,3.0,10.0,2172.1428571428573,942.0715522314699,1253.9285714285713,1173.7893576123242,1021.0,966.4192707601362,-2480.0,105.0,0.24705882352941178
2023-10-06,1500,1,3,1,4,40,10,4,0,530.0,2.0,2.0,2550.0,4.0,12.0,105.0,2.0,4.0,300.0,1.0,1.0,2022.142857142857,955.3788827076992,1353.5714285714287,1127.0339367141928,1061.0,960.3630778925811,970.0,-1050.0,-0.4117647058823529
2023-10-07,2500,4,12,4,5,40,10,4,1,1500.0,1.0,3.0,2900.0,2.0,7.0,140.0,2.0,4.0,1000.0,1.0,2.0,1965.0,904.7421363755176,1522.142857142857,1107.8873073170769,1111.0,995.4832477504208,1000.0,-400.0,-0.13793103448275867
2023-10-08,2025,2,5,2,6,40,10,4,1,2500.0,4.0,12.0,2800.0,3.0,6.0,100.0,1.0,2.0,530.0,2.0,2.0,1854.2857142857142,829.8515357752699,1659.642857142857,1034.8568542514497,1160.8333333333333,1002.78842555984,-475.0,-775.0,-0.2767857142857143
2023-10-09,195,3,7,3,0,41,10,4,0,2025.0,2.0,5.0,1245.0,5.0,15.0,390.0,2.0,4.0,1765.0,5.0,18.0,1704.2857142857142,1029.2733220231516,1645.7142857142858,1054.3880054012677,1108.5,1011.1039971750927,-1830.0,-1050.0,-0.8433734939759037
2023-10-10,2120,4,14,4,1,41,10,4,0,195.0,3.0,7.0,2170.0,5.0,17.0,1090.0,3.0,8.0,420.0,3.0,10.0,1697.142857142857,1025.6699320560256,1719.2857142857142,1048.5481852081452,1165.1666666666667,1018.795336061964,1925.0,-50.0,-0.02304147465437789
2023-10-11,2250,7,16,7,2,41,10,4,0,2120.0,4.0,14.0,3010.0,6.0,17.0,100.0,1.0,2.0,1125.0,4.0,10.0,1588.5714285714287,895.5013227503476,1872.857142857143,945.5273544546326,1202.6666666666667,1037.7933597163094,130.0,-760.0,-0.25249169435215946
2023-10-12,475,3,5,3,3,41,10,4,0,2250.0,7.0,16.0,530.0,2.0,2.0,425.0,3.0,4.0,200.0,3.0,5.0,1580.7142857142858,906.5108409511207,1876.4285714285713,939.7144176893239,1211.8333333333333,1029.815419796468,-1775.0,-55.0,-0.10377358490566035
2023-10-13,1175,3,9,3,4,41,10,4,0,475.0,3.0,5.0,1500.0,1.0,3.0,2550.0,4.0,12.0,200.0,1.0,4.0,1534.2857142857142,919.5625253865239,1778.2142857142858,935.7465286786074,1244.3333333333333,1012.0129593463998,700.0,-325.0,-0.21666666666666667
2023-10-14,110,2,3,2,5,41,10,4,1,1175.0,3.0,9.0,2500.0,4.0,12.0,2900.0,2.0,7.0,2200.0,2.0,8.0,1192.857142857143,944.5936390094669,1578.9285714285713,974.7429218703057,1174.6666666666667,1015.8866802584024,-1065.0,-2390.0,-0.956
2023-10-15,1500,3,10,3,6,41,10,4,1,110.0,2.0,3.0,2025.0,2.0,5.0,2800.0,3.0,6.0,50.0,1.0,2.0,1117.857142857143,886.5704387453641,1486.0714285714287,909.1885193601273,1223.0,994.8077270473445,1390.0,-525.0,-0.2592592592592593
2023-10-16,2860,4,13,4,0,42,10,4,0,1500.0,3.0,10.0,195.0,3.0,7.0,1245.0,5.0,15.0,1200.0,1.0,4.0,1498.5714285714287,990.3564774266666,1601.4285714285713,976.2318225854804,1278.3333333333333,1038.6831295819536,1360.0,2665.0,13.666666666666666
2023-10-17,175,2,7,2,1,42,10,4,0,2860.0,4.0,13.0,2120.0,4.0,14.0,2170.0,5.0,17.0,75.0,1.0,3.0,1220.7142857142858,1057.5184339269185,1458.9285714285713,1030.9259813977317,1281.6666666666667,1034.8415948524594,-2685.0,-1945.0,-0.9174528301886793
2023-10-18,2025,2,5,2,2,42,10,4,0,175.0,2.0,7.0,2250.0,7.0,16.0,3010.0,6.0,17.0,2150.0,3.0,10.0,1188.5714285714287,1023.9047574754971,1388.5714285714287,947.1341968344209,1277.5,1031.4709533410075,1850.0,-225.0,-0.09999999999999998
2023-10-19,1860,4,8,4,3,42,10,4,0,2025.0,2.0,5.0,475.0,3.0,5.0,530.0,2.0,2.0,700.0,5.0,10.0,1386.4285714285713,996.4842961035342,1483.5714285714287,920.7259438813816,1316.1666666666667,1030.817957216278,-165.0,1385.0,2.9157894736842107
2023-10-20,50,1,1,1,4,42,10,4,0,1860.0,4.0,8.0,1175.0,3.0,9.0,1500.0,1.0,3.0,1000.0,3.0,10.0,1225.7142857142858,1119.4061988819083,1380.0,997.1208552627895,1284.5,1055.1698261744248,-1810.0,-1125.0,-0.9574468085106383
2023-10-21,50,1,1,1,5,42,10,4,1,50.0,1.0,1.0,110.0,2.0,3.0,2500.0,4.0,12.0,160.0,2.0,6.0,1217.142857142857,1129.5569084928009,1205.0,1000.4229874638778,1280.8333333333333,1059.3948201956962,0.0,-60.0,-0.5454545454545454
2023-10-22,1950,3,6,3,6,42,10,4,1,50.0,1.0,1.0,1500.0,3.0,10.0,2025.0,2.0,5.0,105.0,2.0,4.0,1281.4285714285713,1160.7135531133235,1199.642857142857,995.8847328375396,1342.3333333333333,1042.1949097386043,1900.0,450.0,0.30000000000000004
2023-10-23,800,4,9,4,0,43,10,4,0,1950.0,3.0,6.0,2860.0,4.0,13.0,195.0,3.0,7.0,140.0,2.0,4.0,987.1428571428571,932.4870738284512,1242.857142857143,961.4686568068532,1364.3333333333333,1022.7234882084861,-1150.0,-2060.0,-0.7202797202797202
2023-10-24,2200,4,10,4,1,43,10,4,0,800.0,4.0,9.0,175.0,2.0,7.0,2120.0,4.0,14.0,100.0,1.0,2.0,1276.4285714285713,952.4385994458064,1248.5714285714287,967.3028095042016,1434.3333333333333,1004.9144184982853,1400.0,2025.0,11.571428571428571
2023-10-25,3500,2,7,2,2,43,10,4,0,2200.0,4.0,10.0,2025.0,2.0,5.0,2250.0,7.0,16.0,390.0,2.0,4.0,1487.142857142857,1259.36113811348,1337.857142857143,1113.491933385367,1538.0,1052.7415768298533,1300.0,1475.0,0.728395061728395
2023-10-26,740,3,6,3,3,43,10,4,0,3500.0,2.0,7.0,1860.0,4.0,8.0,475.0,3.0,5.0,1090.0,3.0,8.0,1327.142857142857,1275.1433159415767,1356.7857142857142,1099.8646894799524,1526.3333333333333,1059.7933543965012,-2760.0,-1120.0,-0.6021505376344086
2023-10-27,3650,3,10,3,4,43,10,4,0,740.0,3.0,6.0,50.0,1.0,1.0,1175.0,3.0,9.0,100.0,1.0,2.0,1841.4285714285713,1394.5779358098353,1533.5714285714287,1256.1960720478985,1644.6666666666667,1092.7211630740405,2910.0,3600.0,72.0
2023-10-29,1250,6,15,6,6,43,10,4,1,3650.0,3.0,10.0,50.0,1.0,1.0,110.0,2.0,3.0,425.0,3.0,4.0,2012.857142857143,1197.4934138401254,1615.0,1192.1344787332564,1672.1666666666667,1071.1359449872255,-2400.0,1200.0,24.0
2023-10-30,75,1,3,1,0,44,10,4,0,1250.0,6.0,15.0,1950.0,3.0,6.0,1500.0,3.0,10.0,2550.0,4.0,12.0,1745.0,1405.5277775032891,1513.2142857142858,1261.523204980112,1589.6666666666667,1096.2128642185148,-1175.0,-1875.0,-0.9615384615384616
2023-10-31,1790,3,10,3,1,44,10,4,0,75.0,1.0,3.0,800.0,4.0,9.0,2860.0,4.0,13.0,2900.0,2.0,7.0,1886.4285714285713,1343.0087933619873,1436.7857142857142,1204.789491894836,1552.6666666666667,1068.8518923668007,1715.0,990.0,1.2374999999999998
2023-11-01,1450,4,10,4,2,44,11,4,0,1790.0,3.0,10.0,2200.0,4.0,10.0,175.0,2.0,7.0,2800.0,3.0,6.0,1779.2857142857142,1343.7398947571317,1527.857142857143,1148.9689596893677,1507.6666666666667,1042.6232940680602,-340.0,-750.0,-0.34090909090909094
2023-11-02,1915,6,16,6,3,44,11,4,0,1450.0,4.0,10.0,3500.0,2.0,7.0,2025.0,2.0,5.0,1245.0,5.0,15.0,1552.857142857143,1120.4532458744002,1520.0,1145.6791737789276,1530.0,1043.977803965397,465.0,-1585.0,-0.45285714285714285
2023-11-03,1200,1,4,1,4,44,11,4,0,1915.0,6.0,16.0,740.0,3.0,6.0,1860.0,4.0,8.0,2170.0,5.0,17.0,1618.5714285714287,1077.4998618937059,1472.857142857143,1144.1905339679993,1497.6666666666667,1038.4792705693737,-715.0,460.0,0.6216216216216217
2023-11-04,500,1,1,1,5,44,11,4,1,1200.0,1.0,4.0,3650.0,3.0,10.0,50.0,1.0,1.0,3010.0,6.0,17.0,1168.5714285714287,667.4623228175179,1505.0,1106.8562549991605,1414.0,1013.2385769368946,-700.0,-3150.0,-0.863013698630137
2023-11-05,1800,2,6,2,6,44,11,4,1,500.0,1.0,1.0,1250.0,6.0,15.0,50.0,1.0,1.0,530.0,2.0,2.0,1247.142857142857,709.6821890986228,1630.0,1025.7436326880113,1456.3333333333333,1001.493654612891,1300.0,550.0,0.43999999999999995
2023-11-06,2700,2,7,2,0,45,11,4,0,1800.0,2.0,6.0,75.0,1.0,3.0,1950.0,3.0,6.0,1500.0,1.0,3.0,1622.142857142857,679.9991246492987,1683.5714285714287,1062.662527970026,1496.3333333333333,1026.9388167429122,900.0,2625.0,35.0
2023-11-07,1560,6,10,6,1,45,11,4,0,2700.0,2.0,7.0,1790.0,3.0,10.0,800.0,4.0,9.0,2500.0,4.0,12.0,1589.2857142857142,676.0820251729133,1737.857142857143,1033.053193741203,1465.0,1009.4510286835832,-1140.0,-230.0,-0.12849162011173187
2023-11-08,210,2,7,2,2,45,11,4,0,1560.0,6.0,10.0,1450.0,4.0,10.0,2200.0,4.0,10.0,2025.0,2.0,5.0,1412.142857142857,856.9220945864796,1595.7142857142858,1099.3527066534975,1404.5,1028.9326156683958,-1350.0,-1240.0,-0.8551724137931034
2023-11-09,3100,3,11,3,3,45,11,4,0,210.0,2.0,7.0,1915.0,6.0,16.0,3500.0,2.0,7.0,195.0,3.0,7.0,1581.4285714285713,1064.6819332775503,1567.142857142857,1050.151480438955,1501.3333333333333,1047.7051550670265,2890.0,1185.0,0.6187989556135771
2023-11-10,115,2,4,2,4,45,11,4,0,3100.0,3.0,11.0,1200.0,1.0,4.0,740.0,3.0,6.0,2120.0,4.0,14.0,1426.4285714285713,1199.8635835159023,1522.5,1100.114941547192,1434.5,1070.5794032301803,-2985.0,-1085.0,-0.9041666666666667
2023-11-12,225,2,6,2,6,45,11,4,1,115.0,2.0,4.0,500.0,1.0,1.0,3650.0,3.0,10.0,2250.0,7.0,16.0,1387.142857142857,1239.112105309206,1277.857142857143,962.873732207822,1367.0,1081.1748080293219,110.0,-275.0,-0.55
2023-11-13,1225,2,5,2,0,46,11,4,0,225.0,2.0,6.0,1800.0,2.0,6.0,1250.0,6.0,15.0,475.0,3.0,5.0,1305.0,1226.1729078722967,1276.0714285714287,962.9525480988698,1392.0,1068.4339167598332,1000.0,-575.0,-0.3194444444444444
2023-11-14,1080,4,9,4,1,46,11,4,0,1225.0,2.0,5.0,2700.0,2.0,7.0,75.0,1.0,3.0,1175.0,3.0,9.0,1073.5714285714287,1060.71404521402,1347.857142857143,902.0632637837151,1388.8333333333333,1069.2397261391025,-145.0,-1620.0,-0.6
2023-11-15,1630,3,8,3,2,46,11,4,0,1080.0,4.0,9.0,1560.0,6.0,10.0,1790.0,3.0,10.0,110.0,2.0,3.0,1083.5714285714287,1066.379053486278,1336.4285714285713,897.0302039581405,1439.5,1042.2235431005686,550.0,70.0,0.044871794871794934
2023-11-16,1500,1,3,1,3,46,11,4,0,1630.0,3.0,8.0,210.0,2.0,7.0,1450.0,4.0,10.0,1500.0,3.0,10.0,1267.857142857143,999.6285024233487,1340.0,897.616501973633,1439.5,1042.2235431005686,-130.0,1290.0,6.142857142857143
2023-11-17,2610,4,13,4,4,46,11,4,0,1500.0,1.0,3.0,3100.0,3.0,11.0,1915.0,6.0,16.0,2860.0,4.0,13.0,1197.857142857143,856.9172322092414,1389.642857142857,949.5777690955262,1431.1666666666667,1031.4174071713603,1110.0,-490.0,-0.15806451612903227
2023-11-18,1130,3,7,3,5,46,11,4,1,2610.0,4.0,13.0,115.0,2.0,4.0,1200.0,1.0,4.0,175.0,2.0,7.0,1342.857142857143,717.7154562850656,1384.642857142857,950.8366038666918,1463.0,1005.7280773237071,-1480.0,1015.0,8.826086956521738
2023-11-19,300,2,6,2,6,46,11,4,1,1130.0,3.0,7.0,225.0,2.0,6.0,500.0,1.0,1.0,2025.0,2.0,5.0,1353.5714285714287,698.5503697283558,1370.357142857143,966.5232383805715,1405.5,1021.674040400159,-830.0,75.0,0.33333333333333326
2023-11-20,50,1,2,1,0,47,11,4,0,300.0,2.0,6.0,1225.0,2.0,5.0,1800.0,2.0,6.0,1860.0,4.0,8.0,1185.7142857142858,857.6490568769425,1245.357142857143,1018.451812019886,1345.1666666666667,1047.0372678323752,-250.0,-1175.0,-0.9591836734693877
2023-11-21,1060,3,7,3,1,47,11,4,0,50.0,1.0,2.0,1080.0,4.0,9.0,2700.0,2.0,7.0,50.0,1.0,1.0,1182.857142857143,858.093124039468,1128.2142857142858,928.6230649210108,1378.8333333333333,1019.8408288021977,1010.0,-20.0,-0.01851851851851849
2023-11-22,2200,3,10,3,2,47,11,4,0,1060.0,3.0,7.0,1630.0,3.0,8.0,1560.0,6.0,10.0,50.0,1.0,1.0,1264.2857142857142,931.5016039144764,1173.9285714285713,966.4948138892007,1450.5,998.5613358123323,1140.0,570.0,0.3496932515337423
2023-11-23,1590,3,8,3,3,47,11,4,0,2200.0,3.0,10.0,1500.0,1.0,3.0,210.0,2.0,7.0,1950.0,3.0,6.0,1277.142857142857,935.9080133879683,1272.5,930.3178737151309,1438.5,994.5065922702397,-610.0,90.0,0.06000000000000005
2023-11-24,1110,3,8,3,4,47,11,4,0,1590.0,3.0,8.0,2610.0,4.0,13.0,3100.0,3.0,11.0,800.0,4.0,9.0,1062.857142857143,728.6451876762887,1130.357142857143,767.3717990791513,1448.8333333333333,989.2401153143386,-480.0,-1500.0,-0.5747126436781609
2023-11-25,150,2,6,2,5,47,11,4,1,1110.0,3.0,8.0,1130.0,3.0,7.0,115.0,2.0,4.0,2200.0,4.0,10.0,922.8571428571429,803.8597366397207,1132.857142857143,763.8584098703539,1380.5,1006.2206089089525,-960.0,-980.0,-0.8672566371681416
2023-11-26,1600,2,7,2,6,47,11,4,1,150.0,2.0,6.0,300.0,2.0,6.0,225.0,2.0,6.0,3500.0,2.0,7.0,1108.5714285714287,785.9480171832549,1231.0714285714287,725.58776856429,1317.1666666666667,924.708419405566,1450.0,1300.0,4.333333333333333
2023-11-27,235,3,8,3,0,48,11,4,0,1600.0,2.0,7.0,50.0,1.0,2.0,1225.0,2.0,5.0,740.0,3.0,6.0,1135.0,746.5420282877611,1160.357142857143,772.9226856691251,1300.3333333333333,940.0467095266883,-1365.0,185.0,3.7
2023-11-28,390,2,4,2,1,48,11,4,0,235.0,3.0,8.0,1060.0,3.0,7.0,1080.0,4.0,9.0,3650.0,3.0,10.0,1039.2857142857142,798.8764431553706,1111.0714285714287,799.9667747221354,1191.6666666666667,842.419886023482,155.0,-670.0,-0.6320754716981132
2023-11-29,1825,3,5,3,2,48,11,4,0,390.0,2.0,4.0,2200.0,3.0,10.0,1630.0,3.0,8.0,1250.0,6.0,15.0,985.7142857142857,716.3822802307272,1125.0,811.3142234860451,1210.8333333333333,850.2971928049359,1435.0,-375.0,-0.17045454545454541
2023-11-30,460,3,7,3,3,48,11,4,0,1825.0,3.0,5.0,1590.0,3.0,8.0,1500.0,1.0,3.0,75.0,1.0,3.0,824.2857142857143,684.1078653462309,1050.7142857142858,821.8807164594548,1223.6666666666667,835.3369476396662,-1365.0,-1130.0,-0.7106918238993711
2023-12-01,110,2,4,2,4,48,12,4,0,460.0,3.0,7.0,1110.0,3.0,8.0,2610.0,4.0,13.0,1790.0,3.0,10.0,681.4285714285714,718.0686729329061,872.1428571428571,722.62798782721,1167.6666666666667,852.2037692757623,-350.0,-1000.0,-0.9009009009009009
2023-12-02,3030,3,7,3,5,48,12,4,1,110.0,2.0,4.0,150.0,2.0,6.0,1130.0,3.0,7.0,1450.0,4.0,10.0,1092.857142857143,1091.0387143408252,1007.8571428571429,924.8902518796338,1220.3333333333333,916.6401668060915,2920.0,2880.0,19.2
2023-12-03,600,1,2,1,6,48,12,4,1,3030.0,3.0,7.0,1600.0,2.0,7.0,300.0,2.0,6.0,1915.0,6.0,16.0,950.0,1078.969415692588,1029.2857142857142,910.5933339203699,1176.5,913.7127274345382,-2430.0,-1000.0,-0.625
2023-12-04,1730,4,8,4,0,49,12,4,0,600.0,1.0,2.0,235.0,3.0,8.0,50.0,1.0,2.0,1200.0,1.0,4.0,1163.5714285714287,1061.6760110226455,1149.2857142857142,881.8574303551128,1194.1666666666667,919.289533893668,1130.0,1495.0,6.361702127659575
2023-12-05,2475,5,16,5,1,49,12,4,0,1730.0,4.0,8.0,390.0,2.0,4.0,1060.0,3.0,7.0,500.0,1.0,1.0,1461.4285714285713,1100.2526766070398,1250.357142857143,949.3428178030746,1260.0,938.3836065828561,745.0,2085.0,5.346153846153846
2023-12-06,2940,5,11,5,2,49,12,4,0,2475.0,5.0,16.0,1825.0,3.0,5.0,2200.0,3.0,10.0,1800.0,2.0,6.0,1620.7142857142858,1234.2150966350669,1303.2142857142858,1023.9527617237792,1298.0,983.0254144818645,465.0,1115.0,0.6109589041095891
2023-12-07,1400,2,4,2,3,49,12,4,0,2940.0,5.0,11.0,460.0,3.0,7.0,1590.0,3.0,8.0,2700.0,2.0,7.0,1755.0,1133.94223838783,1289.642857142857,1021.1145198445465,1254.6666666666667,947.0880355734821,-1540.0,940.0,2.0434782608695654
2023-12-08,2800,4,8,4,4,49,12,4,0,1400.0,2.0,4.0,110.0,2.0,4.0,1110.0,3.0,8.0,1560.0,6.0,10.0,2139.285714285714,918.986890418958,1410.357142857143,1095.4336413664496,1296.0,987.0867970080374,1400.0,2690.0,24.454545454545453
2023-12-09,3925,6,14,6,5,49,12,4,1,2800.0,4.0,8.0,3030.0,3.0,7.0,150.0,2.0,6.0,210.0,2.0,7.0,2267.1428571428573,1106.6611087066403,1680.0,1218.9749792346022,1419.8333333333333,1075.2397353640472,1125.0,895.0,0.29537953795379535
2023-12-10,1420,4,10,4,6,49,12,4,1,3925.0,6.0,14.0,600.0,1.0,2.0,1600.0,2.0,7.0,3100.0,3.0,11.0,2384.285714285714,930.0915213543443,1667.142857142857,1220.831548711643,1363.8333333333333,1027.4010425821314,-2505.0,820.0,1.3666666666666667
2023-12-11,950,2,4,2,0,50,12,4,0,1420.0,4.0,10.0,1730.0,4.0,8.0,235.0,3.0,8.0,115.0,2.0,4.0,2272.8571428571427,1059.2916546087818,1718.2142857142858,1170.2179401600908,1391.6666666666667,1003.4331870730307,-470.0,-780.0,-0.4508670520231214
2023-12-12,200,2,4,2,1,50,12,4,0,950.0,2.0,4.0,2475.0,5.0,16.0,390.0,2.0,4.0,225.0,2.0,6.0,1947.857142857143,1306.9744231839982,1704.642857142857,1187.7766305900377,1390.8333333333333,1004.4453636239987,-750.0,-2275.0,-0.9191919191919192
2023-12-13,725,3,7,3,2,50,12,4,0,200.0,2.0,4.0,2940.0,5.0,11.0,1825.0,3.0,5.0,1225.0,2.0,5.0,1631.4285714285713,1294.812451945952,1626.0714285714287,1215.266951635015,1374.1666666666667,1011.4159444282446,525.0,-2215.0,-0.7534013605442177
2023-12-14,660,2,4,2,3,50,12,4,0,725.0,3.0,7.0,1400.0,2.0,4.0,460.0,3.0,7.0,1080.0,4.0,9.0,1525.7142857142858,1346.0511028295227,1640.357142857143,1201.6038389229138,1360.1666666666667,1018.5101385351304,-65.0,-740.0,-0.5285714285714286
2023-12-15,2050,2,5,2,4,50,12,4,0,660.0,2.0,4.0,2800.0,4.0,8.0,110.0,2.0,4.0,1630.0,3.0,8.0,1418.5714285714287,1254.4478011118235,1778.9285714285713,1120.6817612016844,1374.1666666666667,1025.211570539377,1390.0,-750.0,-0.2678571428571429
2023-12-16,1130,3,5,3,5,50,12,4,1,2050.0,2.0,5.0,3925.0,6.0,14.0,3030.0,3.0,7.0,1500.0,1.0,3.0,1019.2857142857143,595.3880287358061,1643.2142857142858,1071.4881943117475,1361.8333333333333,1025.8709364052183,-920.0,-2795.0,-0.7121019108280255
2023-12-17,1500,2,5,2,6,50,12,4,1,1130.0,3.0,5.0,1420.0,4.0,10.0,600.0,1.0,2.0,2610.0,4.0,13.0,1030.7142857142858,605.0511587972617,1707.5,1030.290754331775,1324.8333333333333,998.9653987081294,370.0,80.0,0.05633802816901401
2023-12-18,2250,4,8,4,0,51,12,4,0,1500.0,2.0,5.0,950.0,2.0,4.0,1730.0,4.0,8.0,1130.0,3.0,7.0,1216.4285714285713,756.6632578064628,1744.642857142857,1040.4870610323915,1362.1666666666667,1012.2726933722585,750.0,1300.0,1.3684210526315788
2023-12-19,790,3,7,3,1,51,12,4,0,2250.0,4.0,8.0,200.0,2.0,4.0,2475.0,5.0,16.0,300.0,2.0,6.0,1300.7142857142858,649.9001754848521,1624.2857142857142,1046.9403354222552,1378.5,998.4014378167144,-1460.0,590.0,2.95
2023-12-20,1350,5,13,5,2,51,12,4,0,790.0,3.0,7.0,725.0,3.0,7.0,2940.0,5.0,11.0,50.0,1.0,2.0,1390.0,598.5259671337046,1510.7142857142858,977.1482391728898,1421.8333333333333,966.4532414018236,560.0,625.0,0.8620689655172413
2023-12-21,300,1,1,1,3,51,12,4,0,1350.0,5.0,13.0,660.0,2.0,4.0,1400.0,2.0,4.0,1060.0,3.0,7.0,1338.5714285714287,681.430568031419,1432.142857142857,1029.5550089643164,1396.5,986.0275141296461,-1050.0,-360.0,-0.5454545454545454
2023-12-22,1000,1,2,1,4,51,12,4,0,300.0,1.0,1.0,2050.0,2.0,5.0,2800.0,4.0,8.0,2200.0,3.0,10.0,1188.5714285714287,610.612494997951,1303.5714285714287,955.3119276555043,1356.5,976.6031470851156,700.0,-1050.0,-0.5121951219512195
2023-12-23,1850,6,11,6,5,51,12,4,1,1000.0,1.0,2.0,1130.0,3.0,5.0,3925.0,6.0,14.0,1590.0,3.0,8.0,1291.4285714285713,657.9115586821852,1155.357142857143,619.1323466249829,1365.1666666666667,979.8948600648996,850.0,720.0,0.6371681415929205
2023-12-24,200,2,4,2,6,51,12,4,1,1850.0,6.0,11.0,1500.0,2.0,5.0,1420.0,4.0,10.0,1110.0,3.0,8.0,1105.7142857142858,764.1303802985731,1068.2142857142858,663.3006254936103,1334.8333333333333,1001.9037768972227,-1650.0,-1300.0,-0.8666666666666667
2023-12-25,1200,1,4,1,0,52,12,4,0,200.0,2.0,4.0,2250.0,4.0,8.0,950.0,2.0,4.0,150.0,2.0,6.0,955.7142857142857,583.8623451595779,1086.0714285714287,663.2384957146238,1369.8333333333333,977.1196970171313,1000.0,-1050.0,-0.4666666666666667
2023-12-26,1880,6,13,6,1,52,12,4,0,1200.0,1.0,4.0,790.0,3.0,7.0,200.0,2.0,4.0,1600.0,2.0,7.0,1111.4285714285713,671.1291125515935,1206.0714285714287,642.2382093759396,1379.1666666666667,980.7246470510127,680.0,1090.0,1.3797468354430378
2023-12-27,700,2,4,2,2,52,12,4,0,1880.0,6.0,13.0,1350.0,5.0,13.0,725.0,3.0,7.0,235.0,3.0,8.0,1018.5714285714286,677.5551286655251,1204.2857142857142,643.7117640410426,1394.6666666666667,965.5755236924881,-1180.0,-650.0,-0.4814814814814815
2023-12-28,2075,3,7,3,3,52,12,4,0,700.0,2.0,4.0,300.0,1.0,1.0,660.0,2.0,4.0,390.0,2.0,4.0,1272.142857142857,695.7122078779986,1305.357142857143,662.4908251489901,1450.8333333333333,954.0585568428475,1375.0,1775.0,5.916666666666667
2023-12-29,3400,4,13,4,4,52,12,4,0,2075.0,3.0,7.0,1000.0,1.0,2.0,2050.0,2.0,5.0,1825.0,3.0,5.0,1615.0,1043.6274878199288,1401.7857142857142,850.7227857779262,1503.3333333333333,1016.640286071906,1325.0,2400.0,2.4
2023-12-31,50,1,2,1,6,52,12,4,1,3400.0,4.0,13.0,1850.0,6.0,11.0,1130.0,3.0,5.0,460.0,3.0,7.0,1357.857142857143,1187.8617243561976,1324.642857142857,923.14775941573,1489.6666666666667,1033.7610720195396,-3350.0,-1800.0,-0.972972972972973
2024-01-01,1530,2,4,2,0,1,1,1,0,50.0,1.0,2.0,200.0,2.0,4.0,1500.0,2.0,5.0,110.0,2.0,4.0,1547.857142857143,1072.566459257333,1326.7857142857142,923.620816183735,1537.0,1000.3814789610385,1480.0,1330.0,6.65
