num_transactions,total_quantity,unique_customers,day_of_week,week_of_year,month,quarter,is_weekend,revenue_lag_1,transactions_lag_1,quantity_lag_1,revenue_lag_7,transactions_lag_7,quantity_lag_7,revenue_lag_14,transactions_lag_14,quantity_lag_14,revenue_lag_30,transactions_lag_30,quantity_lag_30,revenue_roll_mean_7,revenue_roll_std_7,revenue_roll_mean_14,revenue_roll_std_14,revenue_roll_mean_30,revenue_roll_std_30,revenue_diff_1,revenue_diff_7,revenue_pct_change_7
3,8,3,3,5,2,1,0,4700.0,3.0,11.0,2570.0,4.0,11.0,30.0,1.0,1.0,3600.0,3.0,10.0,1538.571428571429,1517.862296910017,1521.428571428571,1355.3617577995533,1264.1666666666667,1186.207433256361,-3325.0,-1195.0,-0.4649805447470817
2,5,2,4,5,2,1,0,1375.0,3.0,8.0,235.0,3.0,9.0,125.0,2.0,4.0,1765.0,4.0,10.0,1680.7142857142858,1418.7976969116864,1600.357142857143,1298.7796998687688,1246.3333333333333,1182.433881896773,-145.0,995.0,4.23404255319149
2,6,2,5,5,2,1,1,1230.0,2.0,5.0,1020.0,3.0,7.0,2090.0,3.0,7.0,600.0,1.0,2.0,1695.0,1411.5210471922362,1531.071428571429,1296.5207562660044,1263.6666666666667,1176.4286496919788,-110.0,100.0,0.0980392156862746
8,20,8,6,5,2,1,1,1120.0,2.0,6.0,600.0,1.0,2.0,325.0,2.0,2.0,1240.0,3.0,8.0,1867.142857142857,1326.6494674644882,1636.7857142857142,1250.1240048381312,1282.5,1180.5519968393512,685.0,1205.0,2.0083333333333333
4,8,4,0,6,2,1,0,1805.0,8.0,20.0,740.0,4.0,9.0,3120.0,3.0,10.0,1100.0,3.0,5.0,1850.7142857142856,1343.5383277358478,1458.571428571429,1199.2199845852183,1266.6666666666667,1186.255579059831,-1180.0,-115.0,-0.1554054054054053
4,10,4,1,6,2,1,0,625.0,4.0,8.0,2100.0,3.0,9.0,2250.0,3.0,11.0,620.0,2.0,5.0,1850.7142857142856,1343.5383277358478,1447.857142857143,1192.2549970631192,1316.0,1189.2060521552853,1475.0,0.0,0.0
4,13,4,2,6,2,1,0,2100.0,4.0,10.0,4700.0,3.0,11.0,50.0,1.0,1.0,150.0,2.0,6.0,1240.0,596.3779562212765,1474.642857142857,1162.269769237554,1325.1666666666667,1180.9394881672151,-1675.0,-4275.0,-0.9095744680851064
1,2,1,3,6,2,1,0,425.0,4.0,13.0,1375.0,3.0,8.0,2570.0,4.0,11.0,625.0,2.0,3.0,1129.2857142857142,637.6482087289496,1333.928571428571,1138.4641789767418,1324.3333333333333,1181.4593060931145,175.0,-775.0,-0.5636363636363637
3,6,3,4,6,2,1,0,600.0,1.0,2.0,1230.0,2.0,5.0,235.0,3.0,9.0,200.0,1.0,4.0,1225.0,702.2938606215113,1452.857142857143,1101.1911632509489,1381.0,1166.345160954835,1300.0,670.0,0.5447154471544715
5,12,5,5,6,2,1,1,1900.0,3.0,6.0,1120.0,2.0,6.0,1020.0,3.0,7.0,230.0,2.0,5.0,1381.428571428571,791.3159624201653,1538.2142857142858,1111.3256241341433,1447.1666666666667,1155.0471578172076,315.0,1095.0,0.9776785714285714
1,1,1,6,6,2,1,1,2215.0,5.0,12.0,1805.0,8.0,20.0,600.0,1.0,2.0,280.0,3.0,10.0,1195.0,827.7781506337714,1531.071428571429,1118.1202951854038,1454.5,1148.058593662692,-1715.0,-1305.0,-0.7229916897506925
4,11,4,0,7,2,1,0,500.0,1.0,1.0,625.0,4.0,8.0,740.0,4.0,9.0,1930.0,4.0,11.0,1620.0,1176.580497316978,1735.357142857143,1219.1713205252204,1510.1666666666667,1210.6883788055093,3100.0,2975.0,4.76
2,3,2,1,7,2,1,0,3600.0,4.0,11.0,2100.0,4.0,10.0,2100.0,3.0,9.0,1550.0,4.0,10.0,1377.142857142857,1234.9893965228243,1613.928571428571,1263.8983932071633,1471.8333333333333,1227.4732129483507,-3200.0,-1700.0,-0.8095238095238095
1,3,1,3,7,2,1,0,400.0,2.0,3.0,425.0,4.0,13.0,4700.0,3.0,11.0,660.0,3.0,7.0,1445.0,1186.033304760031,1342.5,908.1315348645176,1479.8333333333333,1222.772770029835,500.0,475.0,1.1176470588235294
6,21,6,4,7,2,1,0,900.0,1.0,3.0,600.0,1.0,2.0,1375.0,3.0,8.0,4000.0,2.0,8.0,2200.714285714286,1978.4809589080976,1665.0,1517.684217686731,1542.8333333333333,1393.8199083029376,4990.0,5290.0,8.816666666666666
1,2,1,5,7,2,1,1,5890.0,6.0,21.0,1900.0,3.0,6.0,1230.0,2.0,5.0,1645.0,4.0,8.0,2072.1428571428573,2029.8560235126224,1648.571428571429,1523.9869631123045,1521.3333333333333,1397.160256237342,-4890.0,-900.0,-0.4736842105263158
2,5,2,6,7,2,1,1,1000.0,1.0,2.0,2215.0,5.0,12.0,1120.0,2.0,6.0,30.0,1.0,1.0,2045.0,2028.8974838566885,1713.2142857142858,1519.027531961532,1587.8333333333333,1370.9622113893115,1025.0,-190.0,-0.0857787810383746
3,7,3,0,8,2,1,0,2025.0,2.0,5.0,500.0,1.0,1.0,1805.0,8.0,20.0,125.0,2.0,4.0,2135.0,1961.804016715228,1665.0,1526.583666985761,1621.3333333333333,1346.0369245673949,-895.0,630.0,1.2599999999999998
3,4,3,1,8,2,1,0,1130.0,3.0,7.0,3600.0,4.0,11.0,625.0,4.0,8.0,2090.0,3.0,7.0,1675.7142857142858,1937.8562652482524,1647.857142857143,1540.445383005181,1564.5,1361.4725483828165,-745.0,-3215.0,-0.8930555555555556
5,12,5,2,8,2,1,0,385.0,3.0,4.0,400.0,2.0,3.0,2100.0,4.0,10.0,325.0,2.0,2.0,1661.428571428571,1949.1637400983752,1519.2857142857142,1574.544936875972,1563.6666666666667,1362.2648062321991,-85.0,-100.0,-0.25
1,1,1,3,8,2,1,0,300.0,5.0,12.0,900.0,1.0,3.0,425.0,4.0,13.0,3120.0,3.0,10.0,1537.142857142857,2031.7928395525817,1491.071428571429,1599.0107261046755,1460.6666666666667,1357.3412991207667,-270.0,-870.0,-0.9666666666666668
4,12,4,4,8,2,1,0,30.0,1.0,1.0,5890.0,6.0,21.0,600.0,1.0,2.0,2250.0,3.0,11.0,1152.857142857143,1121.984317860018,1676.7857142857142,1638.0671151165857,1492.3333333333333,1387.145874867139,3170.0,-2690.0,-0.4567062818336163
4,9,4,5,8,2,1,1,3200.0,4.0,12.0,1000.0,1.0,2.0,1900.0,3.0,6.0,50.0,1.0,1.0,1374.2857142857142,1234.1340708212808,1723.2142857142858,1654.0144720123744,1575.6666666666667,1372.5264480419723,-650.0,1550.0,1.5499999999999998
1,2,1,6,8,2,1,1,2550.0,4.0,9.0,2025.0,2.0,5.0,2215.0,5.0,12.0,2570.0,4.0,11.0,1092.142857142857,1285.2751234102152,1568.571428571429,1704.9232202105725,1491.6666666666667,1386.6147895910544,-2500.0,-1975.0,-0.9753086419753086
4,9,4,0,9,2,1,0,50.0,1.0,2.0,1130.0,3.0,7.0,500.0,1.0,1.0,235.0,3.0,9.0,1191.428571428571,1315.1828589139054,1663.2142857142858,1677.5997128943773,1544.6666666666667,1367.17613156193,1775.0,695.0,0.6150442477876106
4,11,4,1,9,2,1,0,1825.0,4.0,9.0,385.0,3.0,4.0,3600.0,4.0,11.0,1020.0,3.0,7.0,1447.857142857143,1306.706601673514,1561.7857142857142,1592.2487812269417,1583.3333333333333,1368.2289920596786,355.0,1795.0,4.662337662337662
3,7,3,2,9,3,1,0,2180.0,4.0,11.0,300.0,5.0,12.0,400.0,2.0,3.0,600.0,1.0,2.0,1470.7142857142858,1284.4922102119729,1566.071428571429,1588.958510582214,1578.6666666666667,1371.9322727159458,-1720.0,160.0,0.5333333333333334
1,1,1,3,9,3,1,0,460.0,3.0,7.0,30.0,1.0,1.0,900.0,1.0,3.0,740.0,4.0,9.0,1509.2857142857142,1237.2025857131237,1523.2142857142858,1616.1642709048638,1564.0,1383.5102781169255,-160.0,270.0,9.0
5,15,5,4,9,3,1,0,300.0,1.0,1.0,3200.0,4.0,12.0,5890.0,6.0,21.0,2100.0,3.0,9.0,1190.7142857142858,992.1291438594266,1171.7857142857142,1017.6908385443696,1526.3333333333333,1383.7965849451095,670.0,-2230.0,-0.696875
1,2,1,5,9,3,1,1,970.0,5.0,15.0,2550.0,4.0,9.0,1000.0,1.0,2.0,4700.0,3.0,11.0,969.2857142857144,790.7192325736771,1171.7857142857142,1017.6908385443696,1403.0,1249.5575768771264,30.0,-1550.0,-0.607843137254902
2,5,2,6,9,3,1,1,1000.0,1.0,2.0,50.0,1.0,2.0,2025.0,2.0,5.0,1375.0,3.0,8.0,1022.1428571428572,728.9824937476046,1057.142857142857,1004.4989456779588,1371.1666666666667,1262.394197228189,-580.0,370.0,7.4
4,14,4,0,10,3,1,0,420.0,2.0,5.0,1825.0,4.0,9.0,1130.0,3.0,7.0,1230.0,2.0,5.0,850.7142857142857,644.9704681316073,1021.0714285714286,1010.7293226854864,1351.0,1269.5392865130252,205.0,-1200.0,-0.6575342465753424
4,12,4,1,10,3,1,0,625.0,4.0,14.0,2180.0,4.0,11.0,385.0,3.0,4.0,1120.0,2.0,6.0,973.5714285714286,950.1083898066328,1210.7142857142858,1124.8399153501064,1415.0,1305.3820949412109,2415.0,860.0,0.3944954128440368
1,1,1,2,10,3,1,0,3040.0,4.0,12.0,460.0,3.0,7.0,300.0,5.0,12.0,1805.0,8.0,20.0,911.4285714285714,1002.1007695740744,1191.071428571429,1144.2013986441984,1355.6666666666667,1327.3130320529035,-3015.0,-435.0,-0.9456521739130436
3,11,3,3,10,3,1,0,25.0,1.0,1.0,300.0,1.0,1.0,30.0,1.0,1.0,625.0,4.0,8.0,1040.0,967.7249953714468,1274.642857142857,1094.5238941864422,1374.8333333333333,1320.532470538732,1175.0,900.0,3.0
2,4,2,4,10,3,1,0,1200.0,3.0,11.0,970.0,5.0,15.0,3200.0,4.0,12.0,2100.0,4.0,10.0,926.4285714285714,1022.4142762994618,1058.571428571429,977.5310905372944,1310.6666666666667,1330.8097958174485,-1025.0,-795.0,-0.8195876288659794
1,1,1,5,10,3,1,1,175.0,2.0,4.0,1000.0,1.0,2.0,2550.0,4.0,9.0,425.0,4.0,13.0,855.0,1033.81977797551,912.1428571428572,886.2121518135356,1313.1666666666667,1329.1580711717174,325.0,-500.0,-0.5
2,2,2,6,10,3,1,1,500.0,1.0,1.0,420.0,2.0,5.0,50.0,1.0,2.0,600.0,1.0,2.0,870.0,1027.1968328092396,946.0714285714286,859.3516755076475,1310.6666666666667,1330.615448303667,25.0,105.0,0.25
3,9,3,0,11,3,1,0,525.0,2.0,2.0,625.0,4.0,14.0,1825.0,4.0,9.0,1900.0,3.0,6.0,823.5714285714286,1047.2651458509852,837.1428571428571,835.6980368477646,1257.3333333333333,1338.2230455123058,-225.0,-325.0,-0.52
1,2,1,2,11,3,1,0,300.0,3.0,9.0,3040.0,4.0,12.0,2180.0,4.0,11.0,2215.0,5.0,12.0,532.1428571428571,429.0770826519889,752.8571428571429,744.3575295972565,1216.8333333333333,1326.5755001021485,700.0,-2040.0,-0.6710526315789473
3,10,3,4,11,3,1,0,1000.0,1.0,2.0,25.0,1.0,1.0,460.0,3.0,7.0,500.0,1.0,1.0,682.1428571428571,405.1013982414058,796.7857142857143,743.8920701875447,1236.0,1319.9989550675073,75.0,1050.0,42.0
2,7,2,5,11,3,1,1,1075.0,3.0,10.0,1200.0,3.0,11.0,300.0,1.0,1.0,3600.0,4.0,11.0,742.1428571428571,511.6709321987543,891.0714285714286,759.5701683579599,1170.0,1245.0979742643715,545.0,420.0,0.3500000000000001
2,3,2,6,11,3,1,1,1620.0,2.0,7.0,175.0,2.0,4.0,970.0,5.0,15.0,400.0,2.0,3.0,728.5714285714286,530.1471044728545,827.5,789.1250022846621,1159.3333333333333,1253.2658944928053,-1540.0,-95.0,-0.5428571428571429
5,16,5,0,12,3,1,0,80.0,2.0,3.0,500.0,1.0,1.0,1000.0,1.0,2.0,900.0,1.0,3.0,1078.571428571429,975.648136222422,966.7857142857144,972.664079776729,1227.6666666666667,1293.8679870126214,2870.0,2450.0,4.9
4,13,4,1,12,3,1,0,2950.0,5.0,16.0,525.0,2.0,2.0,420.0,2.0,5.0,5890.0,6.0,21.0,1503.571428571429,1291.242019290324,1186.7857142857142,1168.1537160817506,1148.0,1046.9080913452426,550.0,2975.0,5.666666666666667
5,11,5,2,12,3,1,0,3500.0,4.0,13.0,300.0,3.0,9.0,625.0,4.0,14.0,1000.0,1.0,2.0,1659.2857142857142,1183.1047733662078,1241.428571428571,1157.6990252077749,1161.0,1047.4282133248876,-2110.0,1090.0,3.6333333333333337
4,12,4,3,12,3,1,0,1390.0,5.0,11.0,1000.0,1.0,2.0,3040.0,4.0,12.0,2025.0,2.0,5.0,1795.0,1148.8653823084185,1163.571428571429,1059.9644924594052,1158.5,1045.3824164159855,560.0,950.0,0.95
2,5,2,4,12,3,1,0,1950.0,4.0,12.0,1075.0,3.0,10.0,25.0,1.0,1.0,1130.0,3.0,7.0,1677.142857142857,1270.8752139859407,1179.642857142857,1042.9423324379964,1129.1666666666667,1058.4740833187518,-1700.0,-825.0,-0.7674418604651163
4,6,4,5,12,3,1,1,250.0,2.0,5.0,1620.0,2.0,7.0,1200.0,3.0,11.0,385.0,3.0,4.0,1677.857142857143,1270.8391490889571,1210.0,1049.7435584282182,1170.5,1052.607067205534,1375.0,5.0,0.0030864197530864
3,10,3,6,12,3,1,1,1625.0,4.0,6.0,80.0,2.0,3.0,175.0,2.0,4.0,300.0,5.0,12.0,1869.2857142857144,1076.028301097098,1298.928571428571,1007.1917901759334,1207.8333333333333,1040.4596823398365,-205.0,1340.0,16.75
2,4,2,0,13,3,1,0,1420.0,3.0,10.0,2950.0,5.0,16.0,500.0,1.0,1.0,30.0,1.0,1.0,1532.142857142857,1050.3961837597965,1305.357142857143,1001.9739446284444,1226.5,1023.4847083742202,-830.0,-2360.0,-0.8
1,2,1,1,13,3,1,0,590.0,2.0,4.0,3500.0,4.0,13.0,525.0,2.0,2.0,3200.0,4.0,12.0,1046.428571428571,724.2393382353783,1275.0,1033.3813057516195,1123.1666666666667,972.5911741086404,-490.0,-3400.0,-0.9714285714285714
1,1,1,2,13,3,1,0,100.0,1.0,2.0,1390.0,5.0,11.0,300.0,3.0,9.0,2550.0,4.0,9.0,919.2857142857144,731.9518914714073,1289.2857142857142,1020.163744667524,1054.8333333333333,940.3681261312928,400.0,-890.0,-0.6402877697841727
1,4,1,3,13,3,1,0,500.0,1.0,1.0,1950.0,4.0,12.0,1000.0,1.0,2.0,50.0,1.0,2.0,669.2857142857143,609.9209550659577,1232.142857142857,1059.2699123701884,1059.8333333333333,935.225847085864,-300.0,-1750.0,-0.8974358974358975
1,4,1,4,13,3,1,0,200.0,1.0,4.0,250.0,2.0,5.0,1075.0,3.0,10.0,1825.0,4.0,9.0,805.0,606.7605238752208,1241.071428571429,1058.3698978425923,1039.0,924.4927779878676,1000.0,950.0,3.8
3,12,3,5,13,4,2,1,1200.0,1.0,4.0,1625.0,4.0,6.0,1620.0,2.0,7.0,2180.0,4.0,11.0,1201.428571428571,1492.2290772691767,1439.642857142857,1354.341259525363,1113.0,1092.546534951479,3200.0,2775.0,1.7076923076923078
4,11,4,6,13,4,2,1,4400.0,3.0,12.0,1420.0,3.0,10.0,80.0,2.0,3.0,460.0,3.0,7.0,1370.0,1584.8133433730718,1619.642857142857,1326.9201823507208,1184.3333333333333,1118.0060246994951,-1800.0,1180.0,0.8309859154929577
3,7,3,1,14,4,2,0,2600.0,4.0,11.0,590.0,2.0,4.0,2950.0,5.0,16.0,300.0,1.0,1.0,1517.142857142857,1547.7049060432926,1524.642857142857,1270.7697005626674,1228.3333333333333,1107.9316963054,-980.0,1030.0,1.7457627118644066
2,7,2,2,14,4,2,0,1620.0,3.0,7.0,100.0,1.0,2.0,3500.0,4.0,13.0,970.0,5.0,15.0,1802.857142857143,1421.9905565288204,1424.642857142857,1152.993535717609,1266.0,1118.0088519790208,480.0,2000.0,20.0
1,4,1,3,14,4,2,0,2100.0,2.0,7.0,500.0,1.0,1.0,1390.0,5.0,11.0,1000.0,1.0,2.0,1902.857142857143,1337.1825390937263,1411.071428571429,1154.5498266414495,1272.6666666666667,1116.9638136123929,-900.0,700.0,1.4
5,15,5,5,14,4,2,1,1200.0,1.0,4.0,200.0,1.0,4.0,1950.0,4.0,12.0,420.0,2.0,5.0,2224.285714285714,1110.9133951071858,1446.7857142857142,1179.956986085081,1340.3333333333333,1124.9880714565554,1250.0,2250.0,11.25
6,13,6,6,14,4,2,1,2450.0,5.0,15.0,1200.0,1.0,4.0,250.0,2.0,5.0,625.0,4.0,14.0,2372.1428571428573,1016.7507771608274,1588.571428571429,1143.793332212243,1394.0,1128.084583524749,-215.0,1035.0,0.8625
2,2,2,0,15,4,2,0,2235.0,6.0,13.0,4400.0,3.0,12.0,1625.0,4.0,6.0,3040.0,4.0,12.0,1752.142857142857,889.3530286246349,1476.7857142857142,1214.263954232954,1294.6666666666667,1109.1919498487152,-2175.0,-4340.0,-0.9863636363636364
1,2,1,1,15,4,2,0,60.0,2.0,2.0,2600.0,4.0,11.0,1420.0,3.0,10.0,25.0,1.0,1.0,1387.857142857143,999.599324491473,1378.928571428571,1272.9767938114255,1295.5,1108.2141194204116,-10.0,-2550.0,-0.9807692307692308
5,13,5,2,15,4,2,0,50.0,1.0,2.0,1620.0,3.0,7.0,590.0,2.0,4.0,1200.0,3.0,11.0,1383.571428571429,998.501853969712,1450.357142857143,1253.2058341060183,1308.5,1109.342108545918,1540.0,-30.0,-0.0185185185185184
3,8,3,3,15,4,2,0,1590.0,5.0,13.0,2100.0,2.0,7.0,100.0,1.0,2.0,175.0,2.0,4.0,1135.0,1006.9715322027062,1468.928571428571,1233.4257773987242,1314.6666666666667,1103.321734841978,-1230.0,-1740.0,-0.8285714285714285
2,5,2,5,15,4,2,1,360.0,3.0,8.0,1200.0,1.0,4.0,500.0,1.0,1.0,500.0,1.0,1.0,1063.571428571429,1019.251008852882,1483.2142857142858,1222.4496326620592,1321.3333333333333,1098.8245548306836,340.0,-500.0,-0.4166666666666666
1,1,1,6,15,4,2,1,700.0,2.0,5.0,2450.0,5.0,15.0,200.0,1.0,4.0,525.0,2.0,2.0,756.4285714285714,840.0134636109212,1490.357142857143,1214.6421826480962,1313.8333333333333,1105.1967240498743,-400.0,-2150.0,-0.8775510204081632
1,1,1,0,16,4,2,0,300.0,1.0,1.0,2235.0,6.0,13.0,1200.0,1.0,4.0,300.0,3.0,9.0,440.7142857142857,560.4791742445931,1406.428571428571,1275.3271504438928,1304.6666666666667,1114.9926034495145,-275.0,-2210.0,-0.988814317673378
4,9,4,1,16,4,2,0,25.0,1.0,1.0,60.0,2.0,2.0,4400.0,3.0,12.0,1000.0,1.0,2.0,503.57142857142856,534.7484945102218,1127.857142857143,957.468043824468,1288.0,1123.4089131776088,475.0,440.0,7.333333333333334
6,15,6,2,16,4,2,0,500.0,4.0,9.0,50.0,1.0,2.0,2600.0,4.0,11.0,1075.0,3.0,10.0,885.7142857142857,950.6595454885884,1136.7857142857142,972.7135066061664,1343.0,1152.6316216261,2225.0,2675.0,53.5
5,14,5,3,16,4,2,0,2725.0,6.0,15.0,1590.0,5.0,13.0,1620.0,3.0,7.0,1620.0,2.0,7.0,1140.7142857142858,1333.408628826351,1262.142857142857,1138.701545090375,1401.5,1210.2700966712146,650.0,1785.0,1.1226415094339623
2,5,2,4,16,4,2,0,3375.0,5.0,14.0,360.0,3.0,8.0,2100.0,2.0,7.0,80.0,2.0,3.0,1113.571428571429,1353.7285371820124,1124.2857142857142,1146.2662751849468,1404.5,1206.9885223577926,-3205.0,-190.0,-0.5277777777777778
3,9,3,5,16,4,2,1,170.0,2.0,5.0,700.0,2.0,5.0,1200.0,1.0,4.0,2950.0,5.0,16.0,1045.7142857142858,1389.3506533972036,1054.642857142857,1170.6711820505,1313.6666666666667,1189.073047648326,55.0,-475.0,-0.6785714285714286
7,15,7,6,16,4,2,1,225.0,3.0,9.0,300.0,1.0,1.0,2450.0,5.0,15.0,3500.0,4.0,13.0,1417.857142857143,1500.7327575300706,1087.142857142857,1217.7575770585518,1293.8333333333333,1155.8462218244028,2680.0,2605.0,8.683333333333334
2,6,2,0,17,4,2,0,2905.0,7.0,15.0,25.0,1.0,1.0,2235.0,6.0,13.0,1390.0,5.0,11.0,1438.571428571429,1479.1487255786528,939.6428571428572,1192.8351235053944,1253.1666666666667,1173.6705489494332,-2735.0,145.0,5.8
3,4,3,1,17,4,2,0,170.0,2.0,6.0,500.0,4.0,9.0,60.0,2.0,2.0,1950.0,4.0,12.0,1390.0,1520.1206092500247,946.7857142857144,1187.4497675899593,1193.5,1182.4901763826113,-10.0,-340.0,-0.6799999999999999
3,9,3,2,17,4,2,0,160.0,3.0,4.0,2725.0,6.0,15.0,50.0,1.0,2.0,250.0,2.0,5.0,1039.2857142857142,1441.976157256158,962.5,1176.0702981343609,1194.1666666666667,1181.9454180563364,110.0,-2455.0,-0.9009174311926604
3,9,3,3,17,4,2,0,270.0,3.0,9.0,3375.0,5.0,14.0,1590.0,5.0,13.0,1625.0,4.0,6.0,761.4285714285714,1051.3828762068315,951.0714285714286,1170.266535339818,1187.6666666666667,1180.0290275019197,1160.0,-1945.0,-0.5762962962962963
3,5,3,4,17,4,2,0,1430.0,3.0,9.0,170.0,2.0,5.0,360.0,3.0,8.0,1420.0,3.0,10.0,756.4285714285714,1054.7421260104054,935.0,1180.5083650698955,1144.8333333333333,1194.537483233814,-1295.0,-35.0,-0.2058823529411765
3,7,3,5,17,4,2,1,135.0,3.0,5.0,225.0,3.0,9.0,700.0,2.0,5.0,590.0,2.0,4.0,1004.2857142857144,1111.3821296454412,1025.0,1208.9028719653834,1190.5,1198.7747696193233,1825.0,1735.0,7.71111111111111
3,6,3,6,17,4,2,1,1960.0,3.0,7.0,2905.0,7.0,15.0,300.0,1.0,1.0,100.0,1.0,2.0,611.4285714285714,757.1036602612282,1014.6428571428572,1216.1911924050078,1192.3333333333333,1197.090390195682,-1805.0,-2750.0,-0.9466437177280552
3,4,3,0,18,5,2,0,155.0,3.0,6.0,170.0,2.0,6.0,25.0,1.0,1.0,500.0,1.0,1.0,676.4285714285714,732.0047488786869,1057.5,1188.9001866625104,1196.5,1194.8128911371796,470.0,455.0,2.676470588235294
3,5,3,1,18,5,2,0,625.0,3.0,4.0,160.0,3.0,4.0,500.0,4.0,9.0,200.0,1.0,4.0,677.1428571428571,731.4190382563246,1033.571428571429,1204.2559601606365,1195.3333333333333,1195.836118784052,-460.0,5.0,0.03125
5,11,5,2,18,5,2,0,165.0,3.0,5.0,270.0,3.0,9.0,2725.0,6.0,15.0,1200.0,1.0,4.0,681.4285714285714,728.7187059359389,860.3571428571429,1113.213408743621,1165.3333333333333,1206.952512659919,135.0,30.0,0.1111111111111111
3,7,3,3,18,5,2,0,300.0,5.0,11.0,1430.0,3.0,9.0,3375.0,5.0,14.0,4400.0,3.0,12.0,640.0,686.0636510800804,700.7142857142857,855.2167002553223,1056.6666666666667,1041.0309324409388,840.0,-290.0,-0.2027972027972028
5,9,5,4,18,5,2,0,1140.0,3.0,7.0,135.0,3.0,5.0,170.0,2.0,5.0,2600.0,4.0,11.0,837.8571428571429,715.2438811509031,797.1428571428571,866.8038423420254,1020.6666666666666,1003.829506520365,380.0,1385.0,10.25925925925926
5,11,5,5,18,5,2,1,1520.0,5.0,9.0,1960.0,3.0,7.0,225.0,3.0,9.0,1620.0,3.0,7.0,699.2857142857143,532.1295939542377,851.7857142857143,851.9471072938574,999.6666666666666,997.4285328588307,-530.0,-970.0,-0.4948979591836735
5,12,5,6,18,5,2,1,990.0,5.0,11.0,155.0,3.0,6.0,2905.0,7.0,15.0,2100.0,2.0,7.0,819.2857142857143,481.2087953912547,715.3571428571429,618.921096890243,962.8333333333334,975.5570321557352,5.0,840.0,5.419354838709677
6,15,6,0,19,5,2,0,995.0,5.0,12.0,625.0,3.0,4.0,170.0,2.0,6.0,1200.0,1.0,4.0,1330.0,1351.237087511539,1003.2142857142856,1097.7277355149042,1062.8333333333333,1140.5176405938437,3205.0,3575.0,5.72
3,7,3,1,19,5,2,0,4200.0,6.0,15.0,165.0,3.0,5.0,160.0,3.0,4.0,2450.0,5.0,15.0,1400.7142857142858,1291.750842111294,1038.928571428571,1076.10440330536,1003.1666666666666,1111.9084892677758,-3540.0,495.0,3.0
2,8,2,2,19,5,2,0,660.0,3.0,7.0,300.0,5.0,11.0,270.0,3.0,9.0,2235.0,6.0,13.0,1672.142857142857,1219.5144427969997,1176.7857142857142,1093.5046114053812,1002.0,1110.5890018519376,1540.0,1900.0,6.333333333333333
1,1,1,3,19,5,2,0,2200.0,2.0,8.0,1140.0,3.0,7.0,1430.0,3.0,9.0,60.0,2.0,2.0,1513.571428571429,1363.8631232816651,1076.7857142857142,1131.9071841924017,1001.0,1111.4795979017,-2170.0,-1110.0,-0.9736842105263158
1,4,1,4,19,5,2,0,30.0,1.0,1.0,1520.0,5.0,9.0,135.0,3.0,5.0,50.0,1.0,2.0,1310.7142857142858,1464.6285893570096,1074.2857142857142,1134.1836392192076,1002.6666666666666,1110.0409539923426,70.0,-1420.0,-0.9342105263157896
2,6,2,5,19,5,2,1,100.0,1.0,4.0,990.0,5.0,11.0,1960.0,3.0,7.0,1590.0,5.0,13.0,1283.571428571429,1473.2976455492458,991.4285714285714,1106.5355299857647,976.3333333333334,1104.9862952288947,700.0,-190.0,-0.1919191919191919
3,4,3,6,19,5,2,1,800.0,2.0,6.0,995.0,5.0,12.0,155.0,3.0,6.0,360.0,3.0,8.0,1292.857142857143,1471.379333434156,1056.071428571429,1080.0305881911722,999.6666666666666,1098.8967299016344,260.0,65.0,0.0653266331658291
3,9,3,0,20,5,2,0,1060.0,3.0,4.0,4200.0,6.0,15.0,625.0,3.0,4.0,700.0,2.0,5.0,932.8571428571428,793.824377842568,1131.428571428571,1084.436096942391,1032.3333333333333,1104.234586937262,620.0,-2520.0,-0.6
11,26,11,1,20,5,2,0,1680.0,3.0,9.0,660.0,3.0,7.0,165.0,3.0,5.0,300.0,1.0,1.0,1875.7142857142856,2500.545654737896,1638.2142857142858,1927.88805047514,1264.3333333333333,1575.6059224909334,5580.0,6600.0,10.0
3,7,3,2,20,5,2,0,7260.0,11.0,26.0,2200.0,2.0,8.0,300.0,5.0,11.0,25.0,1.0,1.0,1997.142857142857,2539.256546614345,1834.642857142857,1921.1359463025576,1365.1666666666667,1590.284339861647,-4210.0,850.0,0.3863636363636364
2,2,2,3,20,5,2,0,3050.0,3.0,7.0,30.0,1.0,1.0,1140.0,3.0,7.0,500.0,4.0,9.0,2071.428571428572,2479.008058151678,1792.5,1943.8826630463852,1366.8333333333333,1589.3722916954337,-2500.0,520.0,17.333333333333332
3,5,3,4,20,5,2,0,550.0,2.0,2.0,100.0,1.0,4.0,1520.0,5.0,9.0,2725.0,6.0,15.0,2250.0,2355.263608742484,1780.357142857143,1946.245363895189,1321.0,1568.5450099617356,800.0,1250.0,12.5
3,7,3,5,20,5,2,1,1350.0,3.0,5.0,800.0,2.0,6.0,990.0,5.0,11.0,3375.0,5.0,14.0,2239.285714285714,2363.1166365829768,1761.428571428571,1955.7886748468864,1232.6666666666667,1522.8363584813187,-625.0,-75.0,-0.09375
3,7,3,6,20,5,2,1,725.0,3.0,7.0,1060.0,3.0,4.0,995.0,5.0,12.0,170.0,2.0,5.0,2502.1428571428573,2311.8568603737444,1897.5,1964.6126551092416,1323.6666666666667,1538.6312397563045,2175.0,1840.0,1.7358490566037736
4,14,4,0,21,5,2,0,2900.0,3.0,7.0,1680.0,3.0,9.0,4200.0,6.0,15.0,225.0,3.0,9.0,2520.714285714286,2304.6627167755464,1726.7857142857142,1849.621174460054,1376.5,1526.7715261634423,-1090.0,130.0,0.0773809523809523
9,29,9,1,21,5,2,0,1810.0,4.0,14.0,7260.0,11.0,26.0,660.0,3.0,7.0,2905.0,7.0,15.0,2691.428571428572,2720.8986173163985,2283.5714285714284,2545.9616806073263,1561.5,1985.6555201815809,6645.0,1195.0,0.1646005509641872
1,2,1,2,21,5,2,0,8455.0,9.0,29.0,3050.0,3.0,7.0,2200.0,2.0,8.0,170.0,2.0,6.0,2262.8571428571427,2886.2488012742674,2130.0,2615.2901001021487,1557.5,1988.6738563415947,-8405.0,-3000.0,-0.9836065573770492
3,6,3,3,21,5,2,0,50.0,1.0,2.0,550.0,2.0,2.0,30.0,1.0,1.0,160.0,3.0,4.0,2555.714285714286,2785.738125661116,2313.5714285714284,2545.822693514454,1638.8333333333333,1979.422017405208,2550.0,2050.0,3.727272727272728
3,9,3,4,21,5,2,0,2600.0,3.0,6.0,1350.0,3.0,5.0,100.0,1.0,4.0,270.0,3.0,9.0,2651.428571428572,2748.6704578239805,2450.714285714286,2467.92879303122,1697.1666666666667,1963.4130572381684,-580.0,670.0,0.4962962962962962
3,9,3,5,21,5,2,1,2020.0,3.0,9.0,725.0,3.0,7.0,800.0,2.0,6.0,1430.0,3.0,9.0,2862.1428571428573,2630.367301890964,2550.714285714286,2423.867584240952,1722.8333333333333,1964.832485328532,180.0,1475.0,2.034482758620689
1,3,1,6,21,5,2,1,2200.0,3.0,9.0,2900.0,3.0,7.0,1060.0,3.0,4.0,135.0,3.0,5.0,2458.5714285714284,2832.538193749137,2480.3571428571427,2484.016183743355,1720.8333333333333,1966.5342713082528,-2125.0,-2825.0,-0.9741379310344828
1,4,1,0,22,5,2,0,75.0,1.0,3.0,1810.0,4.0,14.0,1680.0,3.0,9.0,1960.0,3.0,7.0,2371.428571428572,2865.0141277803427,2446.0714285714284,2499.1792334003067,1695.5,1968.2415353252015,1125.0,-610.0,-0.3370165745856354
2,5,2,1,22,5,2,0,1200.0,1.0,4.0,8455.0,9.0,29.0,7260.0,11.0,26.0,155.0,3.0,6.0,1183.571428571429,1106.212435466604,1937.5,2143.3203482878184,1695.0,1968.6482321808949,-1060.0,-8315.0,-0.9834417504435246
3,11,3,2,22,5,2,0,140.0,2.0,5.0,50.0,1.0,2.0,3050.0,3.0,7.0,625.0,3.0,4.0,1505.0,1047.2543466926602,1883.9285714285716,2122.648181446422,1750.8333333333333,1960.992923782856,2160.0,2250.0,45.0
3,5,3,3,22,6,2,0,2300.0,3.0,11.0,2600.0,3.0,6.0,550.0,2.0,2.0,165.0,3.0,5.0,1156.428571428571,1027.9377181429602,1856.071428571429,2143.95319496434,1750.6666666666667,1961.132560420184,-2140.0,-2440.0,-0.9384615384615383
3,6,3,4,22,6,2,0,160.0,3.0,5.0,2020.0,3.0,9.0,1350.0,3.0,5.0,300.0,5.0,11.0,889.2857142857143,1008.9203328782908,1770.357142857143,2189.2512456279464,1745.6666666666667,1965.1457493254668,-10.0,-1870.0,-0.9257425742574258
3,3,3,5,22,6,2,1,150.0,3.0,6.0,2200.0,3.0,9.0,725.0,3.0,7.0,1140.0,3.0,7.0,721.4285714285714,837.7286468268161,1791.7857142857142,2179.679411098071,1741.8333333333333,1966.4796496896872,875.0,-1175.0,-0.5340909090909092
4,6,4,6,22,6,2,1,1025.0,3.0,3.0,75.0,1.0,3.0,2900.0,3.0,7.0,1520.0,5.0,9.0,857.8571428571429,791.3904279960761,1658.2142857142858,2163.782840610092,1725.5,1970.416702821669,5.0,955.0,12.733333333333333
2,3,2,0,23,6,2,0,1030.0,4.0,6.0,1200.0,1.0,4.0,1810.0,4.0,14.0,990.0,5.0,11.0,700.7142857142857,820.7944757541769,1536.071428571429,2202.473416037444,1695.8333333333333,1988.489325807552,-930.0,-1100.0,-0.9166666666666666
4,11,4,1,23,6,2,0,100.0,2.0,3.0,140.0,2.0,5.0,8455.0,9.0,29.0,995.0,5.0,12.0,959.2857142857144,896.3371230152421,1071.428571428571,974.2382202983548,1727.6666666666667,1984.5231918147424,1850.0,1810.0,12.928571428571429
2,3,2,2,23,6,2,0,1950.0,4.0,11.0,2300.0,3.0,11.0,50.0,1.0,2.0,4200.0,6.0,15.0,652.1428571428571,709.1770885026853,1078.571428571429,966.5092394230412,1592.6666666666667,1947.9563709150425,-1800.0,-2150.0,-0.9347826086956522
2,5,2,3,23,6,2,0,150.0,2.0,3.0,160.0,3.0,5.0,2600.0,3.0,6.0,660.0,3.0,7.0,872.1428571428571,767.5277255733585,1014.2857142857144,883.9332056710551,1627.3333333333333,1940.0238770897015,1550.0,1540.0,9.625
3,11,3,4,23,6,2,0,1700.0,2.0,5.0,150.0,3.0,6.0,2020.0,3.0,9.0,2200.0,2.0,8.0,1110.7142857142858,765.1929417442645,1000.0,867.899763797638,1614.6666666666667,1937.3946838265915,120.0,1670.0,11.133333333333333
4,11,4,5,23,6,2,1,1820.0,3.0,11.0,1025.0,3.0,3.0,2200.0,3.0,9.0,30.0,1.0,1.0,1357.142857142857,980.4712181006709,1039.2857142857142,936.1600314025378,1705.3333333333333,1924.2790559213256,930.0,1725.0,1.6829268292682928
5,12,5,6,23,6,2,1,2750.0,4.0,11.0,1030.0,4.0,6.0,75.0,1.0,3.0,100.0,1.0,4.0,1681.428571428571,1204.1238664333043,1269.642857142857,1068.1120372769053,1812.0,1920.9119601430689,550.0,2270.0,2.203883495145631
1,2,1,0,24,6,2,0,3300.0,5.0,12.0,100.0,2.0,3.0,1200.0,1.0,4.0,800.0,2.0,6.0,1674.2857142857142,1215.1660674280597,1187.5,1116.9821119702567,1787.0,1939.329158809018,-3250.0,-50.0,-0.5
1,1,1,1,24,6,2,0,50.0,1.0,2.0,1950.0,4.0,11.0,140.0,2.0,5.0,1060.0,3.0,4.0,1467.142857142857,1282.0779264630576,1213.2142857142858,1094.9387182410228,1768.3333333333333,1949.2378410341664,450.0,-1450.0,-0.7435897435897436
1,3,1,2,24,6,2,0,500.0,1.0,1.0,150.0,2.0,3.0,2300.0,3.0,11.0,1680.0,3.0,9.0,1574.2857142857142,1181.0144952942965,1113.2142857142858,1051.101267065343,1742.3333333333333,1955.6482007399663,400.0,750.0,5.0
2,6,2,3,24,6,2,0,900.0,1.0,3.0,1700.0,2.0,5.0,160.0,3.0,5.0,7260.0,11.0,26.0,1362.857142857143,1282.8446812418406,1117.5,1047.0301406285362,1507.6666666666667,1672.629941003158,-680.0,-1480.0,-0.8705882352941177
2,5,2,4,24,6,2,0,220.0,2.0,6.0,1820.0,3.0,11.0,150.0,3.0,6.0,3050.0,3.0,7.0,1135.7142857142858,1328.368136008203,1123.2142857142858,1041.5476781857192,1413.6666666666667,1662.171374486072,10.0,-1590.0,-0.8736263736263736
3,9,3,5,24,6,2,1,230.0,2.0,5.0,2750.0,4.0,11.0,1025.0,3.0,3.0,550.0,2.0,2.0,950.0,1143.0077281745166,1153.571428571429,1044.6538413999372,1443.6666666666667,1654.148355380857,1220.0,-1300.0,-0.4727272727272728
1,3,1,6,24,6,2,1,1450.0,3.0,9.0,3300.0,5.0,12.0,1030.0,4.0,6.0,1350.0,3.0,5.0,607.1428571428571,499.3233516708507,1144.2857142857142,1046.4130254255326,1428.6666666666667,1657.0647779012495,-550.0,-2400.0,-0.7272727272727273
5,16,5,0,25,6,2,0,900.0,1.0,3.0,50.0,1.0,2.0,100.0,2.0,3.0,725.0,3.0,7.0,1020.7142857142856,953.3993067415358,1347.5,1102.746135092541,1502.6666666666667,1674.0399890855265,2045.0,2895.0,57.9
2,7,2,1,25,6,2,0,2945.0,5.0,16.0,500.0,1.0,1.0,1950.0,4.0,11.0,2900.0,3.0,7.0,976.4285714285714,988.1831573048366,1221.7857142857142,1128.7903790253604,1412.3333333333333,1669.1484166429325,-2755.0,-310.0,-0.62
2,7,2,2,25,6,2,0,190.0,2.0,7.0,900.0,1.0,3.0,150.0,2.0,3.0,1810.0,4.0,14.0,872.8571428571429,1034.4396919059511,1223.571428571429,1126.982746048096,1357.8333333333333,1682.3565591021488,-15.0,-725.0,-0.8055555555555556
4,11,4,3,25,6,2,0,175.0,2.0,7.0,220.0,2.0,6.0,1700.0,2.0,5.0,8455.0,9.0,29.0,1015.7142857142856,997.649022165899,1189.2857142857142,1118.6441950704575,1116.6666666666667,1016.820037423411,1045.0,1000.0,4.545454545454546
2,5,2,4,25,6,2,0,1220.0,4.0,11.0,230.0,2.0,5.0,1820.0,3.0,11.0,50.0,1.0,2.0,1007.1428571428572,1005.7495428073264,1071.428571428571,1133.8980224317888,1120.6666666666667,1012.7069676361718,-1050.0,-60.0,-0.2608695652173913
5,19,5,5,25,6,2,1,170.0,2.0,5.0,1450.0,3.0,9.0,2750.0,4.0,11.0,2600.0,3.0,6.0,1688.571428571429,2228.472410803932,1319.2857142857142,1744.1008893088465,1241.3333333333333,1353.4075343454344,6050.0,4770.0,3.289655172413793
1,3,1,6,25,6,2,1,6220.0,5.0,19.0,900.0,1.0,3.0,3300.0,5.0,12.0,2020.0,3.0,9.0,1688.571428571429,2228.472410803932,1147.857142857143,1649.8411511948111,1204.0,1346.6179859187978,-5320.0,0.0,0.0
3,8,3,0,26,6,2,0,900.0,1.0,3.0,2945.0,5.0,16.0,50.0,1.0,2.0,2200.0,3.0,9.0,1572.142857142857,2172.4752724769537,1296.428571428571,1636.9759038819436,1201.6666666666667,1344.8922103541474,1230.0,-815.0,-0.2767402376910016
1,3,1,1,26,6,2,0,2130.0,3.0,8.0,190.0,2.0,7.0,500.0,1.0,1.0,75.0,1.0,3.0,1673.571428571429,2112.94958585882,1325.0,1625.4561489956257,1229.1666666666667,1329.405547301275,-1230.0,710.0,3.7368421052631575
1,1,1,2,26,6,2,0,900.0,1.0,3.0,175.0,2.0,7.0,900.0,1.0,3.0,1200.0,1.0,4.0,1691.428571428571,2098.653763498787,1282.142857142857,1645.312355527893,1199.1666666666667,1340.1975429103684,-600.0,125.0,0.7142857142857142
3,9,3,3,26,6,2,0,300.0,1.0,1.0,1220.0,4.0,11.0,220.0,2.0,6.0,140.0,2.0,5.0,1824.2857142857144,2093.2658466525245,1420.0,1630.2583561179206,1266.1666666666667,1335.6560336515854,1850.0,930.0,0.7622950819672132
2,3,2,4,26,6,2,0,2150.0,3.0,9.0,170.0,2.0,5.0,230.0,2.0,5.0,2300.0,3.0,11.0,1947.142857142857,2003.2949049479664,1477.142857142857,1599.0606789440644,1223.8333333333333,1321.8134638947106,-1120.0,860.0,5.0588235294117645
4,12,4,5,26,7,3,1,1030.0,2.0,3.0,6220.0,5.0,19.0,1450.0,3.0,9.0,160.0,3.0,5.0,1308.571428571429,707.8471720983446,1498.571428571429,1600.678255965538,1276.8333333333333,1309.506015926283,720.0,-4470.0,-0.7186495176848875
2,5,2,0,27,7,3,0,1750.0,4.0,12.0,900.0,1.0,3.0,900.0,1.0,3.0,150.0,3.0,6.0,1212.857142857143,810.1998577658563,1450.7142857142858,1629.7036742715109,1279.5,1307.211661356418,-1520.0,-670.0,-0.7444444444444445
1,1,1,1,27,7,3,0,230.0,2.0,5.0,2130.0,3.0,8.0,2945.0,5.0,16.0,1025.0,3.0,3.0,980.0,733.2575718440763,1276.071428571429,1587.7199164106462,1262.0,1314.231517944468,270.0,-1630.0,-0.7652582159624413
4,7,4,2,27,7,3,0,500.0,1.0,1.0,900.0,1.0,3.0,190.0,2.0,7.0,1030.0,4.0,6.0,962.8571428571428,736.8336376169411,1318.2142857142858,1564.3327493054178,1253.6666666666667,1316.5438906819454,280.0,-120.0,-0.1333333333333333
3,10,3,3,27,7,3,0,780.0,4.0,7.0,300.0,1.0,1.0,175.0,2.0,7.0,100.0,2.0,3.0,1242.857142857143,811.5769482046339,1467.142857142857,1546.2681057776017,1325.6666666666667,1310.324869781466,1480.0,1960.0,6.533333333333333
2,6,2,5,27,7,3,1,2260.0,3.0,10.0,2150.0,3.0,9.0,1220.0,4.0,11.0,1950.0,4.0,11.0,967.1428571428572,779.2242784914241,1395.7142857142858,1581.2639262297744,1268.0,1319.9337757682365,-2040.0,-1930.0,-0.8976744186046511
4,10,4,6,27,7,3,1,220.0,2.0,6.0,1030.0,2.0,3.0,170.0,2.0,5.0,150.0,2.0,3.0,866.4285714285714,814.5075929956843,1406.7857142857142,1572.540334743628,1273.8333333333333,1315.2007079905525,105.0,-705.0,-0.6844660194174756
2,4,2,1,28,7,3,0,325.0,4.0,10.0,1750.0,4.0,12.0,6220.0,5.0,19.0,1700.0,2.0,5.0,645.0,741.7041189045698,976.7857142857144,776.9853160251334,1223.8333333333333,1326.9011626350696,-125.0,-1550.0,-0.8857142857142857
1,1,1,2,28,7,3,0,200.0,2.0,4.0,230.0,2.0,5.0,900.0,1.0,3.0,1820.0,3.0,11.0,616.4285714285714,763.8756131602556,914.6428571428572,817.3419966944281,1164.1666666666667,1339.355920436833,-170.0,-200.0,-0.8695652173913043
1,2,1,3,28,7,3,0,30.0,1.0,1.0,500.0,1.0,1.0,2130.0,3.0,8.0,2750.0,4.0,11.0,559.2857142857143,788.5980628697416,769.6428571428571,763.4347090256307,1075.8333333333333,1318.3826843139482,70.0,-400.0,-0.8
10,26,10,4,28,7,3,0,100.0,1.0,2.0,780.0,4.0,7.0,900.0,1.0,3.0,3300.0,5.0,12.0,1180.0,1907.5005460899183,1071.428571428571,1393.775211667698,1136.6666666666667,1459.1408273442937,5025.0,4345.0,5.57051282051282
2,6,2,5,28,7,3,1,5125.0,10.0,26.0,2260.0,3.0,10.0,300.0,1.0,1.0,50.0,1.0,2.0,1285.7142857142858,1995.792300005667,1264.2857142857142,1463.8593053753705,1235.0,1482.5973248276848,-2125.0,740.0,0.3274336283185841
2,7,2,6,28,7,3,1,3000.0,2.0,6.0,220.0,2.0,6.0,2150.0,3.0,9.0,500.0,1.0,1.0,1281.428571428571,1998.4925866881829,1124.2857142857142,1466.3584632882707,1224.6666666666667,1488.9633823647207,-2810.0,-30.0,-0.1363636363636363
2,4,2,0,29,7,3,0,190.0,2.0,7.0,325.0,4.0,10.0,1030.0,2.0,3.0,900.0,1.0,3.0,1370.7142857142858,1962.274251498817,1118.571428571429,1466.9099240494356,1226.3333333333333,1488.6153791783952,760.0,625.0,1.923076923076923
4,10,4,2,29,7,3,0,950.0,2.0,4.0,200.0,2.0,4.0,1750.0,4.0,12.0,220.0,2.0,6.0,1636.428571428571,1902.342227986583,1140.7142857142858,1479.4604748702454,1287.6666666666667,1483.6201840682518,1110.0,1860.0,9.3
1,2,1,4,29,7,3,0,2060.0,4.0,10.0,30.0,1.0,1.0,230.0,2.0,5.0,230.0,2.0,5.0,1775.0,1798.307074259938,1195.7142857142858,1457.144015297965,1313.3333333333333,1471.3009334536594,-1060.0,970.0,32.333333333333336
2,5,2,5,29,7,3,1,1000.0,1.0,2.0,100.0,1.0,2.0,500.0,1.0,1.0,1450.0,3.0,9.0,1782.142857142857,1790.6280489045776,1170.7142857142858,1472.9155507971989,1270.0,1486.2055364422931,-850.0,50.0,0.5
1,4,1,6,29,7,3,1,150.0,2.0,5.0,5125.0,10.0,26.0,780.0,4.0,7.0,900.0,1.0,3.0,1335.7142857142858,1057.967503326658,1257.857142857143,1484.0688796549962,1306.6666666666667,1490.3258920007452,1850.0,-3125.0,-0.6097560975609756
5,13,5,0,30,7,3,0,2000.0,1.0,4.0,3000.0,2.0,6.0,2260.0,3.0,10.0,2945.0,5.0,16.0,1565.7142857142858,1543.6197409860724,1425.7142857142858,1720.243561850446,1362.1666666666667,1581.6461761205576,2610.0,1610.0,0.5366666666666666
3,4,3,1,30,7,3,0,4610.0,5.0,13.0,190.0,2.0,7.0,220.0,2.0,6.0,190.0,2.0,7.0,1824.2857142857144,1421.535052245251,1552.857142857143,1689.7845951546533,1422.5,1569.869174211001,-2610.0,1810.0,9.526315789473683
3,5,3,2,30,7,3,0,2000.0,3.0,4.0,950.0,2.0,4.0,325.0,4.0,10.0,175.0,2.0,7.0,1831.4285714285716,1416.5266037203903,1601.071428571429,1661.4476757096131,1450.0,1554.4125179186087,-1000.0,50.0,0.0526315789473683
3,6,3,3,30,7,3,0,1000.0,3.0,5.0,2060.0,4.0,10.0,200.0,2.0,4.0,1220.0,4.0,11.0,1707.142857142857,1431.2199258641144,1671.7857142857142,1617.7211026422522,1449.0,1554.575227491753,190.0,-870.0,-0.4223300970873787
5,12,5,4,30,7,3,0,1190.0,3.0,6.0,1000.0,1.0,2.0,30.0,1.0,1.0,170.0,2.0,5.0,2057.1428571428573,1525.906444114606,1916.071428571429,1608.9272328664647,1558.3333333333333,1576.705061377908,2260.0,2450.0,2.45
2,4,2,5,30,7,3,1,3450.0,5.0,12.0,150.0,2.0,5.0,100.0,1.0,2.0,6220.0,5.0,19.0,2117.8571428571427,1443.611954851608,1950.0,1572.2754211651338,1370.1666666666667,1316.5730615642954,-2875.0,425.0,2.833333333333333
2,7,2,6,30,7,3,1,575.0,2.0,4.0,2000.0,1.0,4.0,5125.0,10.0,26.0,900.0,1.0,3.0,1870.7142857142856,1606.093678700564,1603.2142857142858,1335.744688788382,1349.1666666666667,1329.294007159915,-305.0,-1730.0,-0.865
1,3,1,0,31,7,3,0,270.0,2.0,7.0,4610.0,5.0,13.0,3000.0,2.0,6.0,2130.0,3.0,8.0,1426.428571428571,1059.027518865441,1496.071428571429,1273.8104232991234,1328.1666666666667,1321.4865475676622,1230.0,-3110.0,-0.6746203904555315
3,7,3,1,31,8,3,0,1500.0,1.0,3.0,2000.0,3.0,4.0,190.0,2.0,7.0,900.0,1.0,3.0,1243.571428571429,1053.9794205996743,1533.928571428571,1239.4201165362465,1322.1666666666667,1323.9040251529157,-780.0,-1280.0,-0.64
1,2,1,2,31,8,3,0,720.0,3.0,7.0,1000.0,3.0,5.0,950.0,2.0,4.0,300.0,1.0,1.0,1107.857142857143,1147.576639208532,1469.642857142857,1294.1680789153756,1313.8333333333333,1331.325942197408,-670.0,-950.0,-0.95
3,4,3,3,31,8,3,0,50.0,1.0,2.0,1190.0,3.0,6.0,2060.0,4.0,10.0,2150.0,3.0,9.0,991.4285714285714,1178.7730707735727,1349.2857142857142,1313.253237549431,1254.6666666666667,1332.3255099140813,325.0,-815.0,-0.6848739495798319
4,7,4,4,31,8,3,0,375.0,3.0,4.0,3450.0,5.0,12.0,1000.0,1.0,2.0,1030.0,2.0,3.0,535.7142857142857,478.4909313963825,1296.428571428571,1342.9494356874288,1229.0,1344.1670924456505,-115.0,-3190.0,-0.9246376811594202
8,17,8,5,31,8,3,1,260.0,4.0,7.0,575.0,2.0,4.0,150.0,2.0,5.0,1750.0,4.0,12.0,1197.142857142857,1830.8464734990248,1657.5,1654.436634302769,1344.1666666666667,1526.049714093567,4945.0,4630.0,8.052173913043479
2,5,2,6,31,8,3,1,5205.0,8.0,17.0,270.0,2.0,7.0,2000.0,1.0,4.0,230.0,2.0,5.0,1515.7142857142858,1836.637390657696,1693.2142857142858,1667.7421484229424,1419.8333333333333,1525.1774816639252,-2705.0,2230.0,8.25925925925926
2,7,2,0,32,8,3,0,2500.0,2.0,5.0,1500.0,1.0,3.0,4610.0,5.0,13.0,500.0,1.0,1.0,1447.142857142857,1846.2571533214111,1436.7857142857142,1446.021873362141,1437.1666666666667,1517.2977814098538,-1480.0,-480.0,-0.3199999999999999
4,9,4,1,32,8,3,0,1020.0,2.0,7.0,720.0,3.0,7.0,2000.0,3.0,4.0,780.0,4.0,7.0,1542.142857142857,1819.5211300936155,1392.857142857143,1436.90869348285,1457.3333333333333,1512.2743395829075,365.0,665.0,0.9236111111111112
4,11,4,2,32,8,3,0,1385.0,4.0,9.0,50.0,1.0,2.0,1000.0,3.0,5.0,2260.0,3.0,10.0,1679.2857142857142,1721.8677566609392,1393.571428571429,1436.7008528776398,1415.6666666666667,1506.6059900303735,-375.0,960.0,19.2
1,4,1,3,32,8,3,0,1010.0,4.0,11.0,375.0,3.0,4.0,1190.0,3.0,6.0,220.0,2.0,6.0,1654.2857142857142,1745.0750427308014,1322.857142857143,1471.4353461915937,1415.0,1507.1576353955263,-810.0,-175.0,-0.4666666666666667
3,8,3,4,32,8,3,0,200.0,1.0,4.0,260.0,4.0,7.0,3450.0,5.0,12.0,325.0,4.0,10.0,1745.7142857142858,1675.2174698911706,1140.7142857142858,1339.810344131495,1434.1666666666667,1496.4360438499648,700.0,640.0,2.4615384615384617
4,11,4,5,32,8,3,1,900.0,3.0,8.0,5205.0,8.0,17.0,575.0,2.0,4.0,200.0,2.0,4.0,1197.857142857143,696.6099885807557,1197.5,1330.8062189168222,1473.1666666666667,1478.2984646459972,470.0,-3835.0,-0.7367915465898175
2,5,2,6,32,8,3,1,1370.0,4.0,11.0,2500.0,2.0,5.0,270.0,2.0,7.0,30.0,1.0,1.0,940.7142857142856,408.4567354835877,1228.2142857142858,1312.590813184802,1495.5,1460.7003221176076,-670.0,-1800.0,-0.72
2,5,2,0,33,8,3,0,700.0,2.0,5.0,1020.0,2.0,7.0,1500.0,1.0,3.0,100.0,1.0,2.0,970.7142857142856,422.7137385535388,1208.928571428571,1310.27181350845,1533.1666666666667,1437.865086072795,530.0,210.0,0.2058823529411764
6,13,6,1,33,8,3,0,1230.0,2.0,5.0,1385.0,4.0,9.0,720.0,3.0,7.0,5125.0,10.0,26.0,911.4285714285714,382.0745377291677,1226.7857142857142,1304.7879390667524,1394.6666666666667,1270.3060541713432,-260.0,-415.0,-0.2996389891696751
1,3,1,3,33,8,3,0,970.0,6.0,13.0,1010.0,4.0,11.0,50.0,1.0,2.0,3000.0,2.0,6.0,895.7142857142857,379.5987856872608,1287.5,1264.986698014585,1324.6666666666667,1236.196149298415,-70.0,-110.0,-0.1089108910891089
3,8,3,4,33,8,3,0,900.0,1.0,3.0,200.0,1.0,4.0,375.0,3.0,4.0,190.0,2.0,7.0,1100.0,323.4192325759317,1377.142857142857,1239.5605832553877,1372.6666666666667,1218.4485141396806,730.0,1430.0,7.15
4,8,4,5,33,8,3,1,1630.0,3.0,8.0,900.0,3.0,8.0,260.0,4.0,7.0,950.0,2.0,4.0,1280.0,497.39320461783984,1512.857142857143,1211.535443917399,1413.0,1223.9890973145257,530.0,1260.0,1.4
1,3,1,6,33,8,3,1,2160.0,4.0,8.0,1370.0,4.0,11.0,5205.0,8.0,17.0,2060.0,4.0,10.0,1097.142857142857,665.6253772634781,1147.5,656.648688417175,1347.3333333333333,1240.8101728537977,-2070.0,-1280.0,-0.9343065693430656
6,11,6,0,34,8,3,0,90.0,1.0,3.0,700.0,2.0,5.0,2500.0,2.0,5.0,1000.0,1.0,2.0,1220.0,659.4442104277443,1080.357142857143,546.5432078271342,1366.0,1239.6164590377307,1470.0,860.0,1.2285714285714286
2,7,2,1,34,8,3,0,1560.0,6.0,11.0,1230.0,2.0,5.0,1020.0,2.0,7.0,150.0,2.0,5.0,1226.428571428571,659.7771990459786,1098.571428571429,548.6221502420949,1403.5,1218.39715935775,-285.0,45.0,0.0365853658536585
3,6,3,2,34,8,3,0,1275.0,2.0,7.0,970.0,6.0,13.0,1385.0,4.0,9.0,2000.0,1.0,4.0,1335.0,672.947496713776,1123.2142857142858,569.8164587858907,1394.5,1214.8310156362177,455.0,760.0,0.7835051546391754
3,8,3,3,34,8,3,0,1730.0,3.0,6.0,900.0,1.0,3.0,1010.0,4.0,11.0,4610.0,5.0,13.0,1392.857142857143,646.1930641770155,1144.2857142857142,570.7614924981165,1284.3333333333333,1052.1420952066064,-425.0,405.0,0.4499999999999999
3,11,3,4,34,8,3,0,1305.0,3.0,8.0,1630.0,3.0,8.0,200.0,1.0,4.0,2000.0,3.0,4.0,1216.428571428571,733.3695878484169,1158.2142857142858,547.8651123394129,1230.8333333333333,1055.2978688285234,-910.0,-1235.0,-0.7576687116564418
3,5,3,5,34,8,3,1,395.0,3.0,11.0,2160.0,4.0,8.0,900.0,3.0,8.0,1000.0,3.0,5.0,1044.2857142857142,605.1957573892183,1162.142857142857,546.0653464901054,1229.3333333333333,1055.669205416341,560.0,-1205.0,-0.5578703703703703
4,11,4,6,34,8,3,1,955.0,3.0,5.0,90.0,1.0,3.0,1370.0,4.0,11.0,1190.0,3.0,6.0,1277.857142857143,477.5620129265732,1187.5,564.394672329428,1247.1666666666667,1059.493766017472,770.0,1635.0,18.166666666666668
3,9,3,0,35,8,3,0,1725.0,4.0,11.0,1560.0,6.0,11.0,700.0,2.0,5.0,3450.0,5.0,12.0,1105.0,568.7046685231313,1162.5,594.5934292891592,1143.8333333333333,985.854856888465,-1375.0,-1210.0,-0.7756410256410257
4,8,4,1,35,8,3,0,350.0,3.0,9.0,1275.0,2.0,7.0,1230.0,2.0,5.0,575.0,2.0,4.0,1298.571428571429,813.9395671962529,1262.5,712.7971714957237,1212.3333333333333,1015.9034821563868,2280.0,1355.0,1.062745098039216
5,14,5,3,35,8,3,0,2630.0,4.0,8.0,1730.0,3.0,6.0,970.0,6.0,13.0,270.0,2.0,7.0,1388.571428571429,899.8875591137057,1361.7857142857142,763.8959029536991,1282.0,1020.704286940792,-270.0,630.0,0.3641618497109826
4,8,4,4,35,9,3,0,2360.0,5.0,14.0,1305.0,3.0,8.0,900.0,1.0,3.0,1500.0,1.0,3.0,1398.571428571429,899.1927596725984,1395.7142857142858,752.2679993573697,1277.8333333333333,1020.038609253501,-985.0,70.0,0.053639846743295
3,10,3,5,35,9,3,1,1375.0,4.0,8.0,395.0,3.0,11.0,1630.0,3.0,8.0,720.0,3.0,7.0,1537.857142857143,786.2508990077406,1377.142857142857,749.24247457968,1299.5,1014.6702793824552,-5.0,975.0,2.4683544303797467
1,1,1,6,35,9,3,1,1370.0,3.0,10.0,955.0,3.0,5.0,2160.0,4.0,8.0,50.0,1.0,2.0,1444.2857142857142,898.1853398725171,1244.2857142857142,764.5004833294648,1307.8333333333333,1005.0353256215062,-1070.0,-655.0,-0.6858638743455497
1,2,1,0,36,9,3,0,300.0,1.0,1.0,1725.0,4.0,11.0,90.0,1.0,3.0,375.0,3.0,4.0,1340.7142857142858,902.2122282267676,1309.2857142857142,694.2701124281424,1328.6666666666667,991.4174225557704,700.0,-725.0,-0.4202898550724637
2,2,2,1,36,9,3,0,1000.0,1.0,2.0,350.0,3.0,9.0,1560.0,6.0,11.0,260.0,4.0,7.0,1366.428571428571,871.3051239649767,1235.7142857142858,719.7645372001773,1337.6666666666667,982.5676543639624,-470.0,180.0,0.5142857142857142
5,18,5,2,36,9,3,0,530.0,2.0,2.0,2630.0,4.0,8.0,1275.0,2.0,7.0,5205.0,8.0,17.0,1242.857142857143,708.3305322073498,1270.7142857142858,733.6024314794246,1223.0,665.1323435849134,1235.0,-865.0,-0.3288973384030418
3,10,3,3,36,9,3,0,1765.0,5.0,18.0,2360.0,5.0,14.0,1730.0,3.0,6.0,2500.0,2.0,5.0,965.7142857142856,563.0010995506522,1177.142857142857,753.782039211176,1153.6666666666667,635.1621206748958,-1345.0,-1940.0,-0.8220338983050848
4,10,4,4,36,9,3,0,420.0,3.0,10.0,1375.0,4.0,8.0,1305.0,3.0,8.0,1020.0,2.0,7.0,930.0,540.1774399830782,1164.2857142857142,752.96811951834,1157.1666666666667,634.6892850094038,705.0,-250.0,-0.1818181818181817
3,5,3,5,36,9,3,1,1125.0,4.0,10.0,1370.0,3.0,10.0,395.0,3.0,11.0,1385.0,4.0,9.0,762.8571428571429,561.9153045822967,1150.357142857143,769.9062487524881,1117.6666666666667,656.5199964564124,-925.0,-1170.0,-0.8540145985401459
1,4,1,6,36,9,3,1,200.0,3.0,5.0,300.0,1.0,1.0,955.0,3.0,5.0,1010.0,4.0,11.0,748.5714285714286,576.7199947816603,1096.428571428571,810.0390032666223,1090.6666666666667,677.423787968616,0.0,-100.0,-0.3333333333333333
2,8,2,0,37,9,3,0,200.0,1.0,4.0,1000.0,1.0,2.0,1725.0,4.0,11.0,200.0,1.0,4.0,920.0,799.3069915036851,1130.357142857143,847.4746746515913,1157.3333333333333,685.11732362161,2000.0,1200.0,1.2000000000000002
1,2,1,2,37,9,3,0,2200.0,2.0,8.0,530.0,2.0,2.0,350.0,3.0,9.0,900.0,3.0,8.0,851.4285714285714,856.8581868553034,1108.928571428571,872.1573132875028,1129.0,713.1298184279183,-2150.0,-480.0,-0.9056603773584906
1,4,1,3,37,9,3,0,50.0,1.0,2.0,1765.0,5.0,18.0,2630.0,4.0,8.0,1370.0,4.0,11.0,770.7142857142857,779.5855125825373,1006.7857142857144,756.3642975110912,1123.3333333333333,711.822979414819,1150.0,-565.0,-0.320113314447592
1,3,1,4,37,9,3,0,1200.0,1.0,4.0,420.0,3.0,10.0,2360.0,5.0,14.0,700.0,2.0,5.0,721.4285714285714,815.5300642614542,843.5714285714286,685.0727883040756,1102.5,733.457506467215,-1125.0,-345.0,-0.8214285714285714
3,10,3,5,37,9,3,1,75.0,1.0,3.0,1125.0,4.0,10.0,1375.0,4.0,8.0,1230.0,2.0,5.0,867.8571428571429,976.2507240409514,898.9285714285714,758.6759178672037,1133.1666666666667,757.8013607132491,2075.0,1025.0,0.9111111111111112
5,10,5,6,37,9,3,1,2150.0,3.0,10.0,200.0,3.0,5.0,1370.0,3.0,10.0,970.0,6.0,13.0,939.2857142857144,936.7338138955184,851.0714285714286,747.7277851326218,1124.1666666666667,761.4007999476497,-1450.0,500.0,2.5
3,10,3,0,38,9,3,0,700.0,5.0,10.0,200.0,1.0,4.0,300.0,1.0,1.0,900.0,1.0,3.0,1053.571428571429,878.496415690444,901.0714285714286,731.2664950708343,1127.5,760.6040589444418,300.0,800.0,4.0
2,6,2,1,38,9,3,0,1000.0,3.0,10.0,2200.0,2.0,8.0,1000.0,1.0,2.0,1630.0,3.0,8.0,762.1428571428571,765.9626684922806,841.0714285714286,756.548789853349,1078.5,774.3419341831387,-840.0,-2040.0,-0.9272727272727272
2,4,2,3,38,9,3,0,160.0,2.0,6.0,50.0,1.0,2.0,530.0,2.0,2.0,2160.0,4.0,8.0,770.0,757.6773719730621,810.7142857142857,778.2076476475532,1010.0,766.2233850921484,-55.0,55.0,1.1
2,4,2,4,38,9,3,0,105.0,2.0,4.0,1200.0,1.0,4.0,1765.0,5.0,18.0,90.0,1.0,3.0,618.5714285714286,763.3190370880047,694.6428571428571,745.4205428577085,1011.6666666666666,764.2049433249568,35.0,-1060.0,-0.8833333333333333
1,2,1,5,38,9,3,1,140.0,2.0,4.0,75.0,1.0,3.0,420.0,3.0,10.0,1560.0,6.0,11.0,622.1428571428571,760.4048107360202,671.7857142857143,759.2673775090337,963.0,774.500506444483,-40.0,25.0,0.3333333333333332
2,4,2,6,38,9,3,1,100.0,1.0,2.0,2150.0,3.0,10.0,1125.0,4.0,10.0,1275.0,2.0,7.0,370.7142857142857,352.6852772117259,619.2857142857143,750.883728433616,933.5,779.0479932982762,290.0,-1760.0,-0.8186046511627907
3,8,3,0,39,9,3,0,390.0,2.0,4.0,700.0,5.0,10.0,200.0,3.0,5.0,1730.0,3.0,6.0,426.4285714285714,434.6522967242047,682.8571428571429,750.3299640458522,912.1666666666666,765.1230274448933,700.0,390.0,0.5571428571428572
1,2,1,1,39,9,3,0,1090.0,3.0,8.0,1000.0,3.0,10.0,200.0,1.0,4.0,1305.0,3.0,8.0,297.85714285714283,364.0954218202745,675.7142857142857,755.7366684817583,872.0,775.3504213335228,-990.0,-900.0,-0.9
3,4,3,3,39,9,3,0,100.0,1.0,2.0,160.0,2.0,6.0,2200.0,2.0,8.0,395.0,3.0,11.0,335.7142857142857,361.1374227288629,548.9285714285714,616.3889212159777,873.0,774.7331019843848,325.0,265.0,1.65625
4,12,4,4,39,9,3,0,425.0,3.0,4.0,105.0,2.0,4.0,50.0,1.0,2.0,955.0,3.0,5.0,685.0,892.4077916886836,727.5,796.5351650936476,926.1666666666666,833.0859575360038,2125.0,2445.0,23.285714285714285
2,7,2,5,39,9,3,1,2550.0,4.0,12.0,140.0,2.0,4.0,1200.0,1.0,4.0,1725.0,4.0,11.0,1079.2857142857142,1176.103838143233,848.9285714285714,982.0762514877648,965.3333333333334,897.0987080327476,350.0,2760.0,19.714285714285715
3,6,3,6,39,10,4,1,2900.0,2.0,7.0,100.0,1.0,2.0,75.0,1.0,3.0,350.0,3.0,9.0,1465.0,1242.2929069533764,1043.571428571429,1081.8599165884996,1047.0,949.1571578747267,-100.0,2700.0,27.0
5,15,5,0,40,10,4,0,2800.0,3.0,6.0,390.0,2.0,4.0,2150.0,3.0,10.0,2630.0,4.0,8.0,1587.142857142857,1158.1661407258516,978.9285714285714,1036.761189347026,1000.8333333333334,902.0179325128267,-1555.0,855.0,2.1923076923076925
5,17,5,1,40,10,4,0,1245.0,5.0,15.0,1090.0,3.0,8.0,700.0,5.0,10.0,2360.0,5.0,14.0,1741.428571428571,1152.8252046086411,1083.928571428571,1079.8810094197836,994.5,892.7653184309443,925.0,1080.0,0.9908256880733946
6,17,6,2,40,10,4,0,2170.0,5.0,17.0,100.0,1.0,2.0,1000.0,3.0,10.0,1375.0,4.0,8.0,2157.1428571428573,972.9074002821704,1227.5,1195.3109508536954,1049.0,963.8682840334144,840.0,2910.0,29.1
2,2,2,3,40,10,4,0,3010.0,6.0,17.0,425.0,3.0,4.0,160.0,2.0,6.0,1370.0,3.0,10.0,2172.1428571428573,942.07155223147,1253.928571428571,1173.7893576123242,1021.0,966.4192707601362,-2480.0,105.0,0.2470588235294117
1,3,1,4,40,10,4,0,530.0,2.0,2.0,2550.0,4.0,12.0,105.0,2.0,4.0,300.0,1.0,1.0,2022.142857142857,955.3788827076992,1353.571428571429,1127.0339367141928,1061.0,960.3630778925811,970.0,-1050.0,-0.4117647058823529
4,12,4,5,40,10,4,1,1500.0,1.0,3.0,2900.0,2.0,7.0,140.0,2.0,4.0,1000.0,1.0,2.0,1965.0,904.7421363755176,1522.142857142857,1107.8873073170769,1111.0,995.4832477504208,1000.0,-400.0,-0.1379310344827586
2,5,2,6,40,10,4,1,2500.0,4.0,12.0,2800.0,3.0,6.0,100.0,1.0,2.0,530.0,2.0,2.0,1854.2857142857144,829.8515357752699,1659.642857142857,1034.8568542514497,1160.8333333333333,1002.78842555984,-475.0,-775.0,-0.2767857142857143
3,7,3,0,41,10,4,0,2025.0,2.0,5.0,1245.0,5.0,15.0,390.0,2.0,4.0,1765.0,5.0,18.0,1704.2857142857142,1029.2733220231516,1645.7142857142858,1054.3880054012675,1108.5,1011.1039971750928,-1830.0,-1050.0,-0.8433734939759037
4,14,4,1,41,10,4,0,195.0,3.0,7.0,2170.0,5.0,17.0,1090.0,3.0,8.0,420.0,3.0,10.0,1697.142857142857,1025.6699320560256,1719.2857142857142,1048.5481852081452,1165.1666666666667,1018.795336061964,1925.0,-50.0,-0.0230414746543778
7,16,7,2,41,10,4,0,2120.0,4.0,14.0,3010.0,6.0,17.0,100.0,1.0,2.0,1125.0,4.0,10.0,1588.571428571429,895.5013227503476,1872.857142857143,945.5273544546326,1202.6666666666667,1037.7933597163094,130.0,-760.0,-0.2524916943521594
3,5,3,3,41,10,4,0,2250.0,7.0,16.0,530.0,2.0,2.0,425.0,3.0,4.0,200.0,3.0,5.0,1580.7142857142858,906.5108409511208,1876.4285714285716,939.714417689324,1211.8333333333333,1029.815419796468,-1775.0,-55.0,-0.1037735849056603
3,9,3,4,41,10,4,0,475.0,3.0,5.0,1500.0,1.0,3.0,2550.0,4.0,12.0,200.0,1.0,4.0,1534.2857142857142,919.562525386524,1778.2142857142858,935.7465286786074,1244.3333333333333,1012.0129593463998,700.0,-325.0,-0.2166666666666666
2,3,2,5,41,10,4,1,1175.0,3.0,9.0,2500.0,4.0,12.0,2900.0,2.0,7.0,2200.0,2.0,8.0,1192.857142857143,944.5936390094668,1578.928571428571,974.7429218703056,1174.6666666666667,1015.8866802584024,-1065.0,-2390.0,-0.956
3,10,3,6,41,10,4,1,110.0,2.0,3.0,2025.0,2.0,5.0,2800.0,3.0,6.0,50.0,1.0,2.0,1117.857142857143,886.5704387453641,1486.071428571429,909.1885193601272,1223.0,994.8077270473444,1390.0,-525.0,-0.2592592592592593
4,13,4,0,42,10,4,0,1500.0,3.0,10.0,195.0,3.0,7.0,1245.0,5.0,15.0,1200.0,1.0,4.0,1498.571428571429,990.3564774266666,1601.428571428571,976.2318225854804,1278.3333333333333,1038.6831295819536,1360.0,2665.0,13.666666666666666
2,7,2,1,42,10,4,0,2860.0,4.0,13.0,2120.0,4.0,14.0,2170.0,5.0,17.0,75.0,1.0,3.0,1220.7142857142858,1057.5184339269183,1458.928571428571,1030.9259813977317,1281.6666666666667,1034.8415948524594,-2685.0,-1945.0,-0.9174528301886792
2,5,2,2,42,10,4,0,175.0,2.0,7.0,2250.0,7.0,16.0,3010.0,6.0,17.0,2150.0,3.0,10.0,1188.571428571429,1023.9047574754971,1388.571428571429,947.1341968344208,1277.5,1031.4709533410075,1850.0,-225.0,-0.0999999999999999
4,8,4,3,42,10,4,0,2025.0,2.0,5.0,475.0,3.0,5.0,530.0,2.0,2.0,700.0,5.0,10.0,1386.428571428571,996.4842961035342,1483.571428571429,920.7259438813816,1316.1666666666667,1030.817957216278,-165.0,1385.0,2.9157894736842107
1,1,1,4,42,10,4,0,1860.0,4.0,8.0,1175.0,3.0,9.0,1500.0,1.0,3.0,1000.0,3.0,10.0,1225.7142857142858,1119.4061988819085,1380.0,997.1208552627896,1284.5,1055.1698261744248,-1810.0,-1125.0,-0.9574468085106383
1,1,1,5,42,10,4,1,50.0,1.0,1.0,110.0,2.0,3.0,2500.0,4.0,12.0,160.0,2.0,6.0,1217.142857142857,1129.5569084928009,1205.0,1000.4229874638778,1280.8333333333333,1059.3948201956962,0.0,-60.0,-0.5454545454545454
3,6,3,6,42,10,4,1,50.0,1.0,1.0,1500.0,3.0,10.0,2025.0,2.0,5.0,105.0,2.0,4.0,1281.428571428571,1160.7135531133235,1199.642857142857,995.8847328375396,1342.3333333333333,1042.1949097386043,1900.0,450.0,0.3
4,9,4,0,43,10,4,0,1950.0,3.0,6.0,2860.0,4.0,13.0,195.0,3.0,7.0,140.0,2.0,4.0,987.1428571428572,932.4870738284512,1242.857142857143,961.4686568068532,1364.3333333333333,1022.723488208486,-1150.0,-2060.0,-0.7202797202797202
4,10,4,1,43,10,4,0,800.0,4.0,9.0,175.0,2.0,7.0,2120.0,4.0,14.0,100.0,1.0,2.0,1276.428571428571,952.4385994458064,1248.571428571429,967.3028095042016,1434.3333333333333,1004.9144184982852,1400.0,2025.0,11.571428571428571
2,7,2,2,43,10,4,0,2200.0,4.0,10.0,2025.0,2.0,5.0,2250.0,7.0,16.0,390.0,2.0,4.0,1487.142857142857,1259.36113811348,1337.857142857143,1113.491933385367,1538.0,1052.741576829853,1300.0,1475.0,0.728395061728395
3,6,3,3,43,10,4,0,3500.0,2.0,7.0,1860.0,4.0,8.0,475.0,3.0,5.0,1090.0,3.0,8.0,1327.142857142857,1275.1433159415767,1356.7857142857142,1099.8646894799524,1526.3333333333333,1059.7933543965012,-2760.0,-1120.0,-0.6021505376344086
3,10,3,4,43,10,4,0,740.0,3.0,6.0,50.0,1.0,1.0,1175.0,3.0,9.0,100.0,1.0,2.0,1841.4285714285716,1394.5779358098353,1533.571428571429,1256.1960720478985,1644.6666666666667,1092.7211630740403,2910.0,3600.0,72.0
